Launching execution environment...
initializing REST gateway factory
CHECK MY API_KEY:  51fb4d95ffdcde08ad0ad2d29306b2a977fe46936529d4e40fdbe89cff33f4c5
CHECK MY API_SECRET:  9bbde8457e093814063f5934880e69fba48d20a0ea032d259a5de6ac6cb67b54
################ REGISTERING CALLBACK ################
/Users/kendrickwinata/Desktop/QF625-Market microstructures/market-microstructure-main 2/market_microstructure_DY/market-microstructure-main/src/visualization/live_plotter.py:82: UserWarning: frames=None which we can infer the length of, did not pass an explicit *save_count* and passed cache_frame_data=True.  To avoid a possibly unbounded cache, frame data caching has been disabled. To suppress this warning either pass `cache_frame_data=False` or `save_count=MAX_FRAMES`.
  ani = animation.FuncAnimation(fig, animate, interval=2000)
Plot update error: [Errno 2] No such file or directory: 'performance_report.csv'

[96m================== NEW TICK ==================[0m
[93mTick received at 2025-06-26 22:05:27 | Last price: [0m
[91mNo last price received; skipping tick.[0m

[96m================== NEW TICK ==================[0m
[93mTick received at 2025-06-26 22:05:28 | Last price: 107026.60[0m
Response: {'serverTime': 1750946728263}
[96mUpdating bookkeeper for date: 2025-06-26, price: 107026.60...[0m
/Users/kendrickwinata/Desktop/QF625-Market microstructures/market-microstructure-main 2/market_microstructure_DY/market-microstructure-main/src/book_keeper/main_book_keeper.py:133: FutureWarning: The behavior of DataFrame concatenation with empty or all-NA entries is deprecated. In a future version, this will no longer exclude empty or all-NA columns when determining the result dtypes. To retain the old behavior, exclude the relevant entries before the concat operation.
  self.historical_data = pd.concat(
[96mOpen orders:[0m 0 | Queue OK: True
[96mRisk check:[0m stop_loss: False, trading_halt: False
[96mCollecting new data and aggregating features...[0m
Callback: (datetime.datetime(2025, 6, 26, 22, 5, 28, 81808), '107026.60')
/Users/kendrickwinata/Desktop/QF625-Market microstructures/market-microstructure-main 2/market_microstructure_DY/market-microstructure-main/src/trading_engine/main_trading_strategy.py:98: FutureWarning: The behavior of DataFrame concatenation with empty or all-NA entries is deprecated. In a future version, this will no longer exclude empty or all-NA columns when determining the result dtypes. To retain the old behavior, exclude the relevant entries before the concat operation.
  self.raw_data = pd.concat([self.raw_data, new_data], ignore_index=True)
[ANALYZE] Running feature engineering...
/Users/kendrickwinata/Desktop/QF625-Market microstructures/market-microstructure-main 2/market_microstructure_DY/market-microstructure-main/src/trading_engine/main_trading_strategy.py:255: FutureWarning: Series.replace without 'value' and with non-dict-like 'to_replace' is deprecated and will raise in a future version. Explicitly specify the new values instead.
  rs = gain / loss.replace(to_replace=0).ffill().bfill()
[96mModel output:[0m ('Hold', 107026.6, '2025-06-26 22:05:28')
[92mSignal: HOLD | Limit price: 107026.6[0m
[93mShort_MA_1st_Deriv: 0.0 | Kalman_1st_Deriv: 0.0[0m
[93mHOLD confirmed; insufficient momentum for override.[0m

[96m================== NEW TICK ==================[0m
[93mTick received at 2025-06-26 22:05:29 | Last price: 107026.60[0m
Plot update error: [Errno 2] No such file or directory: 'performance_report.csv'
Response: {'serverTime': 1750946729311}
[96mUpdating bookkeeper for date: 2025-06-26, price: 107026.60...[0m
[96mOpen orders:[0m 0 | Queue OK: True
[96mRisk check:[0m stop_loss: False, trading_halt: False
[96mCollecting new data and aggregating features...[0m
Callback: (datetime.datetime(2025, 6, 26, 22, 5, 29, 155053), '107026.60')
[ANALYZE] Running feature engineering...
/Users/kendrickwinata/Desktop/QF625-Market microstructures/market-microstructure-main 2/market_microstructure_DY/market-microstructure-main/src/trading_engine/main_trading_strategy.py:255: FutureWarning: Series.replace without 'value' and with non-dict-like 'to_replace' is deprecated and will raise in a future version. Explicitly specify the new values instead.
  rs = gain / loss.replace(to_replace=0).ffill().bfill()
[96mModel output:[0m ('Hold', 107026.6, '2025-06-26 22:05:29')
[96m--- PERFORMANCE REPORT ---[0m
[92m      Wallet Balance: $10,202.29[0m
[92m    Unrealized P&L: $46.47[0m
[92m      Realized P&L: $335.49[0m
[96m      Sharpe Ratio: nan[0m
[96m   Maximum Drawdown: -0.00%[0m
[96m        Signal: Hold[0m
[96m      Close: 107026.6[0m
[96m--------------------------[0m
[92mSignal: HOLD | Limit price: 107026.6[0m
[93mShort_MA_1st_Deriv: 0.0 | Kalman_1st_Deriv: 3210798.000000001[0m
[93mHOLD confirmed; insufficient momentum for override.[0m

[96m================== NEW TICK ==================[0m
[93mTick received at 2025-06-26 22:05:30 | Last price: 107030.00[0m
Response: {'serverTime': 1750946730347}
[96mUpdating bookkeeper for date: 2025-06-26, price: 107030.00...[0m
[96mOpen orders:[0m 0 | Queue OK: True
[96mRisk check:[0m stop_loss: False, trading_halt: False
[96mCollecting new data and aggregating features...[0m
Callback: (datetime.datetime(2025, 6, 26, 22, 5, 30, 175723), '107030.00')
[ANALYZE] Running feature engineering...
/Users/kendrickwinata/Desktop/QF625-Market microstructures/market-microstructure-main 2/market_microstructure_DY/market-microstructure-main/src/trading_engine/main_trading_strategy.py:255: FutureWarning: Series.replace without 'value' and with non-dict-like 'to_replace' is deprecated and will raise in a future version. Explicitly specify the new values instead.
  rs = gain / loss.replace(to_replace=0).ffill().bfill()
[96mModel output:[0m ('Hold', 107030.0, '2025-06-26 22:05:30')
[96m--- PERFORMANCE REPORT ---[0m
[92m      Wallet Balance: $10,202.26[0m
[92m    Unrealized P&L: $46.48[0m
[92m      Realized P&L: $335.46[0m
[96m      Sharpe Ratio: -209.9233[0m
[96m   Maximum Drawdown: -0.00%[0m
[96m        Signal: Sell[0m
[96m      Close: 107030.0[0m
[96m--------------------------[0m
[92mSignal: HOLD | Limit price: 107030.0[0m
[93mShort_MA_1st_Deriv: 0.0 | Kalman_1st_Deriv: 1317459.692307691[0m
[93mHOLD confirmed; insufficient momentum for override.[0m

[96m================== NEW TICK ==================[0m
[93mTick received at 2025-06-26 22:05:32 | Last price: 107030.00[0m
Response: {'serverTime': 1750946732657}
[96mUpdating bookkeeper for date: 2025-06-26, price: 107030.00...[0m
[96mOpen orders:[0m 0 | Queue OK: True
[96mRisk check:[0m stop_loss: False, trading_halt: False
[96mCollecting new data and aggregating features...[0m
Callback: (datetime.datetime(2025, 6, 26, 22, 5, 32, 495039), '107030.00')
[ANALYZE] Running feature engineering...
/Users/kendrickwinata/Desktop/QF625-Market microstructures/market-microstructure-main 2/market_microstructure_DY/market-microstructure-main/src/trading_engine/main_trading_strategy.py:255: FutureWarning: Series.replace without 'value' and with non-dict-like 'to_replace' is deprecated and will raise in a future version. Explicitly specify the new values instead.
  rs = gain / loss.replace(to_replace=0).ffill().bfill()
[96mModel output:[0m ('Hold', 107030.0, '2025-06-26 22:05:33')
[96m--- PERFORMANCE REPORT ---[0m
[92m      Wallet Balance: $10,202.26[0m
[92m    Unrealized P&L: $46.48[0m
[92m      Realized P&L: $335.46[0m
[96m      Sharpe Ratio: -1.0661[0m
[96m   Maximum Drawdown: -0.00%[0m
[96m        Signal: Sell[0m
[96m      Close: 107030.0[0m
[96m--------------------------[0m
[92mSignal: HOLD | Limit price: 107030.0[0m
[93mShort_MA_1st_Deriv: 0.0 | Kalman_1st_Deriv: 508578.19004524936[0m
[93mHOLD confirmed; insufficient momentum for override.[0m

[96m================== NEW TICK ==================[0m
[93mTick received at 2025-06-26 22:05:33 | Last price: 107030.00[0m
Response: {'serverTime': 1750946734152}
[96mUpdating bookkeeper for date: 2025-06-26, price: 107030.00...[0m
[96mOpen orders:[0m 0 | Queue OK: True
[96mRisk check:[0m stop_loss: False, trading_halt: False
[96mCollecting new data and aggregating features...[0m
Callback: (datetime.datetime(2025, 6, 26, 22, 5, 33, 983788), '107030.00')
[ANALYZE] Running feature engineering...
/Users/kendrickwinata/Desktop/QF625-Market microstructures/market-microstructure-main 2/market_microstructure_DY/market-microstructure-main/src/trading_engine/main_trading_strategy.py:255: FutureWarning: Series.replace without 'value' and with non-dict-like 'to_replace' is deprecated and will raise in a future version. Explicitly specify the new values instead.
  rs = gain / loss.replace(to_replace=0).ffill().bfill()
[96mModel output:[0m ('Sell', 107030.0, '2025-06-26 22:05:34')
[96m--- PERFORMANCE REPORT ---[0m
[92m      Wallet Balance: $10,202.09[0m
[92m    Unrealized P&L: $46.97[0m
[92m      Realized P&L: $335.29[0m
[96m      Sharpe Ratio: -0.7459[0m
[96m   Maximum Drawdown: -0.00%[0m
[96m        Signal: Sell[0m
[96m      Close: 107030.0[0m
[96m--------------------------[0m
[92mSignal: SELL | Limit price: 107030.0[0m
[96mCurrent BTC position: -0.071[0m
[93mTrade not approved for action: NONE[0m
Heartbeat: application running.
[96m--- PERFORMANCE REPORT ---[0m
[92m      Wallet Balance: $10,202.09[0m
[92m    Unrealized P&L: $46.97[0m
[92m      Realized P&L: $335.29[0m
[96m      Sharpe Ratio: -0.7459[0m
[96m   Maximum Drawdown: -0.00%[0m
[96m        Signal: Sell[0m
[96m      Close: 107030.0[0m
[96m--------------------------[0m

[96m================== NEW TICK ==================[0m
[93mTick received at 2025-06-26 22:05:36 | Last price: 107030.00[0m
Response: {'serverTime': 1750946736413}
[96mUpdating bookkeeper for date: 2025-06-26, price: 107030.00...[0m
[96mOpen orders:[0m 0 | Queue OK: True
[96mRisk check:[0m stop_loss: False, trading_halt: False
[96mCollecting new data and aggregating features...[0m
Callback: (datetime.datetime(2025, 6, 26, 22, 5, 36, 238115), '107030.00')
[ANALYZE] Running feature engineering...
/Users/kendrickwinata/Desktop/QF625-Market microstructures/market-microstructure-main 2/market_microstructure_DY/market-microstructure-main/src/trading_engine/main_trading_strategy.py:255: FutureWarning: Series.replace without 'value' and with non-dict-like 'to_replace' is deprecated and will raise in a future version. Explicitly specify the new values instead.
  rs = gain / loss.replace(to_replace=0).ffill().bfill()
[96mModel output:[0m ('Sell', 107030.0, '2025-06-26 22:05:36')
[96m--- PERFORMANCE REPORT ---[0m
[92m      Wallet Balance: $10,202.03[0m
[92m    Unrealized P&L: $47.30[0m
[92m      Realized P&L: $335.24[0m
[96m      Sharpe Ratio: -0.8535[0m
[96m   Maximum Drawdown: -0.00%[0m
[96m        Signal: Sell[0m
[96m      Close: 107030.0[0m
[96m--------------------------[0m
[92mSignal: SELL | Limit price: 107030.0[0m
[96mCurrent BTC position: -0.071[0m
[93mTrade not approved for action: NONE[0m

[96m================== NEW TICK ==================[0m
[93mTick received at 2025-06-26 22:05:37 | Last price: 107029.30[0m
Response: {'serverTime': 1750946737697}
[96mUpdating bookkeeper for date: 2025-06-26, price: 107029.30...[0m
[96mOpen orders:[0m 0 | Queue OK: True
[96mRisk check:[0m stop_loss: False, trading_halt: False
[96mCollecting new data and aggregating features...[0m
Callback: (datetime.datetime(2025, 6, 26, 22, 5, 37, 494116), '107029.30')
[ANALYZE] Running feature engineering...
/Users/kendrickwinata/Desktop/QF625-Market microstructures/market-microstructure-main 2/market_microstructure_DY/market-microstructure-main/src/trading_engine/main_trading_strategy.py:255: FutureWarning: Series.replace without 'value' and with non-dict-like 'to_replace' is deprecated and will raise in a future version. Explicitly specify the new values instead.
  rs = gain / loss.replace(to_replace=0).ffill().bfill()
[96mModel output:[0m ('Sell', 107029.3, '2025-06-26 22:05:38')
[96m--- PERFORMANCE REPORT ---[0m
[92m      Wallet Balance: $10,202.08[0m
[92m    Unrealized P&L: $47.63[0m
[92m      Realized P&L: $335.29[0m
[96m      Sharpe Ratio: -0.5243[0m
[96m   Maximum Drawdown: -0.00%[0m
[96m        Signal: Sell[0m
[96m      Close: 107029.3[0m
[96m--------------------------[0m
[92mSignal: SELL | Limit price: 107029.3[0m
[96mCurrent BTC position: -0.071[0m
[93mTrade not approved for action: NONE[0m

[96m================== NEW TICK ==================[0m
[93mTick received at 2025-06-26 22:05:39 | Last price: 107029.30[0m
Response: {'serverTime': 1750946740159}
[96mUpdating bookkeeper for date: 2025-06-26, price: 107029.30...[0m
[96mOpen orders:[0m 0 | Queue OK: True
[96mRisk check:[0m stop_loss: False, trading_halt: False
[96mCollecting new data and aggregating features...[0m
Callback: (datetime.datetime(2025, 6, 26, 22, 5, 39, 992173), '107029.30')
[ANALYZE] Running feature engineering...
/Users/kendrickwinata/Desktop/QF625-Market microstructures/market-microstructure-main 2/market_microstructure_DY/market-microstructure-main/src/trading_engine/main_trading_strategy.py:255: FutureWarning: Series.replace without 'value' and with non-dict-like 'to_replace' is deprecated and will raise in a future version. Explicitly specify the new values instead.
  rs = gain / loss.replace(to_replace=0).ffill().bfill()
[96mModel output:[0m ('Sell', 107029.3, '2025-06-26 22:05:40')
[96m--- PERFORMANCE REPORT ---[0m
[92m      Wallet Balance: $10,202.33[0m
[92m    Unrealized P&L: $47.07[0m
[92m      Realized P&L: $335.53[0m
[96m      Sharpe Ratio: 0.0164[0m
[96m   Maximum Drawdown: -0.00%[0m
[96m        Signal: Sell[0m
[96m      Close: 107029.3[0m
[96m--------------------------[0m
[92mSignal: SELL | Limit price: 107029.3[0m
[96mCurrent BTC position: -0.071[0m
[93mTrade not approved for action: NONE[0m

[96m================== NEW TICK ==================[0m
[93mTick received at 2025-06-26 22:05:41 | Last price: 107015.40[0m
Response: {'serverTime': 1750946741687}
[96mUpdating bookkeeper for date: 2025-06-26, price: 107015.40...[0m
[96mOpen orders:[0m 0 | Queue OK: True
[96mRisk check:[0m stop_loss: False, trading_halt: False
[96mCollecting new data and aggregating features...[0m
Callback: (datetime.datetime(2025, 6, 26, 22, 5, 41, 478334), '107015.40')
[ANALYZE] Running feature engineering...
/Users/kendrickwinata/Desktop/QF625-Market microstructures/market-microstructure-main 2/market_microstructure_DY/market-microstructure-main/src/trading_engine/main_trading_strategy.py:255: FutureWarning: Series.replace without 'value' and with non-dict-like 'to_replace' is deprecated and will raise in a future version. Explicitly specify the new values instead.
  rs = gain / loss.replace(to_replace=0).ffill().bfill()
[96mModel output:[0m ('Sell', 107015.4, '2025-06-26 22:05:42')
[96m--- PERFORMANCE REPORT ---[0m
[92m      Wallet Balance: $10,202.28[0m
[92m    Unrealized P&L: $47.11[0m
[92m      Realized P&L: $335.49[0m
[96m      Sharpe Ratio: -0.0334[0m
[96m   Maximum Drawdown: -0.00%[0m
[96m        Signal: Sell[0m
[96m      Close: 107015.4[0m
[96m--------------------------[0m
[92mSignal: SELL | Limit price: 107015.4[0m
[96mCurrent BTC position: -0.071[0m
[93mTrade not approved for action: NONE[0m

[96m================== NEW TICK ==================[0m
[93mTick received at 2025-06-26 22:05:43 | Last price: 107015.40[0m
Response: {'serverTime': 1750946743183}
[96mUpdating bookkeeper for date: 2025-06-26, price: 107015.40...[0m
[96mOpen orders:[0m 0 | Queue OK: True
[96mRisk check:[0m stop_loss: False, trading_halt: False
[96mCollecting new data and aggregating features...[0m
Callback: (datetime.datetime(2025, 6, 26, 22, 5, 43, 20895), '107015.40')
[ANALYZE] Running feature engineering...
/Users/kendrickwinata/Desktop/QF625-Market microstructures/market-microstructure-main 2/market_microstructure_DY/market-microstructure-main/src/trading_engine/main_trading_strategy.py:255: FutureWarning: Series.replace without 'value' and with non-dict-like 'to_replace' is deprecated and will raise in a future version. Explicitly specify the new values instead.
  rs = gain / loss.replace(to_replace=0).ffill().bfill()
[96mModel output:[0m ('Sell', 107015.4, '2025-06-26 22:05:43')
[96m--- PERFORMANCE REPORT ---[0m
[92m      Wallet Balance: $10,202.26[0m
[92m    Unrealized P&L: $47.14[0m
[92m      Realized P&L: $335.46[0m
[96m      Sharpe Ratio: -0.0578[0m
[96m   Maximum Drawdown: -0.00%[0m
[96m        Signal: Sell[0m
[96m      Close: 107015.4[0m
[96m--------------------------[0m
[92mSignal: SELL | Limit price: 107015.4[0m
[96mCurrent BTC position: -0.071[0m
[93mTrade not approved for action: NONE[0m

[96m================== NEW TICK ==================[0m
[93mTick received at 2025-06-26 22:05:44 | Last price: 107015.40[0m
Response: {'serverTime': 1750946744781}
[96mUpdating bookkeeper for date: 2025-06-26, price: 107015.40...[0m
[96mOpen orders:[0m 0 | Queue OK: True
[96mRisk check:[0m stop_loss: False, trading_halt: False
[96mCollecting new data and aggregating features...[0m
Callback: (datetime.datetime(2025, 6, 26, 22, 5, 44, 610945), '107015.40')
[ANALYZE] Running feature engineering...
/Users/kendrickwinata/Desktop/QF625-Market microstructures/market-microstructure-main 2/market_microstructure_DY/market-microstructure-main/src/trading_engine/main_trading_strategy.py:255: FutureWarning: Series.replace without 'value' and with non-dict-like 'to_replace' is deprecated and will raise in a future version. Explicitly specify the new values instead.
  rs = gain / loss.replace(to_replace=0).ffill().bfill()
[96mModel output:[0m ('Sell', 107015.4, '2025-06-26 22:05:45')
[96m--- PERFORMANCE REPORT ---[0m
[92m      Wallet Balance: $10,202.17[0m
[92m    Unrealized P&L: $47.14[0m
[92m      Realized P&L: $335.37[0m
[96m      Sharpe Ratio: -0.1334[0m
[96m   Maximum Drawdown: -0.00%[0m
[96m        Signal: Sell[0m
[96m      Close: 107015.4[0m
[96m--------------------------[0m
[92mSignal: SELL | Limit price: 107015.4[0m
[96mCurrent BTC position: -0.071[0m
[93mTrade not approved for action: NONE[0m

[96m================== NEW TICK ==================[0m
[93mTick received at 2025-06-26 22:05:45 | Last price: 107015.70[0m
Heartbeat: application running.
[96m--- PERFORMANCE REPORT ---[0m
[92m      Wallet Balance: $10,202.17[0m
[92m    Unrealized P&L: $47.14[0m
[92m      Realized P&L: $335.37[0m
[96m      Sharpe Ratio: -0.1334[0m
[96m   Maximum Drawdown: -0.00%[0m
[96m        Signal: Sell[0m
[96m      Close: 107015.4[0m
[96m--------------------------[0m
Response: {'serverTime': 1750946746103}
[96mUpdating bookkeeper for date: 2025-06-26, price: 107015.70...[0m
[96mOpen orders:[0m 0 | Queue OK: True
[96mRisk check:[0m stop_loss: False, trading_halt: False
[96mCollecting new data and aggregating features...[0m
Callback: (datetime.datetime(2025, 6, 26, 22, 5, 45, 936038), '107015.70')
[ANALYZE] Running feature engineering...
/Users/kendrickwinata/Desktop/QF625-Market microstructures/market-microstructure-main 2/market_microstructure_DY/market-microstructure-main/src/trading_engine/main_trading_strategy.py:255: FutureWarning: Series.replace without 'value' and with non-dict-like 'to_replace' is deprecated and will raise in a future version. Explicitly specify the new values instead.
  rs = gain / loss.replace(to_replace=0).ffill().bfill()
[96mModel output:[0m ('Sell', 107015.7, '2025-06-26 22:05:46')
[96m--- PERFORMANCE REPORT ---[0m
[92m      Wallet Balance: $10,202.16[0m
[92m    Unrealized P&L: $47.08[0m
[92m      Realized P&L: $335.37[0m
[96m      Sharpe Ratio: -0.1360[0m
[96m   Maximum Drawdown: -0.00%[0m
[96m        Signal: Sell[0m
[96m      Close: 107015.7[0m
[96m--------------------------[0m
[92mSignal: SELL | Limit price: 107015.7[0m
[96mCurrent BTC position: -0.071[0m
[93mTrade not approved for action: NONE[0m

[96m================== NEW TICK ==================[0m
[93mTick received at 2025-06-26 22:05:48 | Last price: 106999.90[0m
Response: {'serverTime': 1750946748503}
[96mUpdating bookkeeper for date: 2025-06-26, price: 106999.90...[0m
[96mOpen orders:[0m 0 | Queue OK: True
[96mRisk check:[0m stop_loss: False, trading_halt: False
[96mCollecting new data and aggregating features...[0m
Callback: (datetime.datetime(2025, 6, 26, 22, 5, 48, 329731), '106999.90')
[ANALYZE] Running feature engineering...
/Users/kendrickwinata/Desktop/QF625-Market microstructures/market-microstructure-main 2/market_microstructure_DY/market-microstructure-main/src/trading_engine/main_trading_strategy.py:255: FutureWarning: Series.replace without 'value' and with non-dict-like 'to_replace' is deprecated and will raise in a future version. Explicitly specify the new values instead.
  rs = gain / loss.replace(to_replace=0).ffill().bfill()
[96mModel output:[0m ('Buy', 106999.9, '2025-06-26 22:05:48')
[96m--- PERFORMANCE REPORT ---[0m
[92m      Wallet Balance: $10,202.11[0m
[92m    Unrealized P&L: $47.07[0m
[92m      Realized P&L: $335.32[0m
[96m      Sharpe Ratio: -0.1703[0m
[96m   Maximum Drawdown: -0.00%[0m
[96m        Signal: Buy[0m
[96m      Close: 106999.9[0m
[96m--------------------------[0m
[92mSignal: BUY | Limit price: 106999.9[0m
[96mCurrent BTC position: -0.071[0m
[92m[Risk Check] CLOSE_SHORT approval: False, Quantity: 0.071[0m
[93mTrade not approved for action: CLOSE_SHORT[0m

[96m================== NEW TICK ==================[0m
[93mTick received at 2025-06-26 22:05:49 | Last price: 106999.90[0m
Response: {'serverTime': 1750946749905}
[96mUpdating bookkeeper for date: 2025-06-26, price: 106999.90...[0m
[96mOpen orders:[0m 0 | Queue OK: True
[96mRisk check:[0m stop_loss: False, trading_halt: False
[96mCollecting new data and aggregating features...[0m
Callback: (datetime.datetime(2025, 6, 26, 22, 5, 49, 709096), '106999.90')
[ANALYZE] Running feature engineering...
/Users/kendrickwinata/Desktop/QF625-Market microstructures/market-microstructure-main 2/market_microstructure_DY/market-microstructure-main/src/trading_engine/main_trading_strategy.py:255: FutureWarning: Series.replace without 'value' and with non-dict-like 'to_replace' is deprecated and will raise in a future version. Explicitly specify the new values instead.
  rs = gain / loss.replace(to_replace=0).ffill().bfill()
[96mModel output:[0m ('Sell', 106999.9, '2025-06-26 22:05:50')
[96m--- PERFORMANCE REPORT ---[0m
[92m      Wallet Balance: $10,202.16[0m
[92m    Unrealized P&L: $47.07[0m
[92m      Realized P&L: $335.36[0m
[96m      Sharpe Ratio: -0.1286[0m
[96m   Maximum Drawdown: -0.00%[0m
[96m        Signal: Sell[0m
[96m      Close: 106999.9[0m
[96m--------------------------[0m
[92mSignal: SELL | Limit price: 106999.9[0m
[96mCurrent BTC position: -0.071[0m
[93mTrade not approved for action: NONE[0m

[96m================== NEW TICK ==================[0m
[93mTick received at 2025-06-26 22:05:51 | Last price: 106999.90[0m
Response: {'serverTime': 1750946751262}
[96mUpdating bookkeeper for date: 2025-06-26, price: 106999.90...[0m
[96mOpen orders:[0m 0 | Queue OK: True
[96mRisk check:[0m stop_loss: False, trading_halt: False
[96mCollecting new data and aggregating features...[0m
Callback: (datetime.datetime(2025, 6, 26, 22, 5, 51, 110048), '106999.90')
[ANALYZE] Running feature engineering...
/Users/kendrickwinata/Desktop/QF625-Market microstructures/market-microstructure-main 2/market_microstructure_DY/market-microstructure-main/src/trading_engine/main_trading_strategy.py:255: FutureWarning: Series.replace without 'value' and with non-dict-like 'to_replace' is deprecated and will raise in a future version. Explicitly specify the new values instead.
  rs = gain / loss.replace(to_replace=0).ffill().bfill()
[96mModel output:[0m ('Hold', 106999.9, '2025-06-26 22:05:51')
[96m--- PERFORMANCE REPORT ---[0m
[92m      Wallet Balance: $10,202.11[0m
[92m    Unrealized P&L: $45.95[0m
[92m      Realized P&L: $335.31[0m
[96m      Sharpe Ratio: -0.1601[0m
[96m   Maximum Drawdown: -0.00%[0m
[96m        Signal: Hold[0m
[96m      Close: 106999.9[0m
[96m--------------------------[0m
[92mSignal: HOLD | Limit price: 106999.9[0m
[93mShort_MA_1st_Deriv: -309.9999999991269 | Kalman_1st_Deriv: -131.25759578833822[0m
[93m[Override] HOLD overridden to SELL due to negative momentum.[0m
[96mCurrent BTC position: -0.071[0m
[93mTrade not approved for action: NONE[0m

[96m================== NEW TICK ==================[0m
[93mTick received at 2025-06-26 22:05:55 | Last price: 106999.90[0m
Response: {'serverTime': 1750946755644}
[96mUpdating bookkeeper for date: 2025-06-26, price: 106999.90...[0m
[96mOpen orders:[0m 0 | Queue OK: True
[96mRisk check:[0m stop_loss: False, trading_halt: False
[96mCollecting new data and aggregating features...[0m
Callback: (datetime.datetime(2025, 6, 26, 22, 5, 55, 443978), '106999.90')
[ANALYZE] Running feature engineering...
Heartbeat: application running.
/Users/kendrickwinata/Desktop/QF625-Market microstructures/market-microstructure-main 2/market_microstructure_DY/market-microstructure-main/src/trading_engine/main_trading_strategy.py:255: FutureWarning: Series.replace without 'value' and with non-dict-like 'to_replace' is deprecated and will raise in a future version. Explicitly specify the new values instead.
  rs = gain / loss.replace(to_replace=0).ffill().bfill()
[96mModel output:[0m ('Hold', 106999.9, '2025-06-26 22:05:56')
[96m--- PERFORMANCE REPORT ---[0m
[92m      Wallet Balance: $10,201.56[0m
[92m    Unrealized P&L: $46.88[0m
[92m      Realized P&L: $334.76[0m
[96m      Sharpe Ratio: -0.3070[0m
[96m   Maximum Drawdown: -0.01%[0m
[96m        Signal: Hold[0m
[96m      Close: 106999.9[0m
[96m--------------------------[0m
[92mSignal: HOLD | Limit price: 106999.9[0m
[93mShort_MA_1st_Deriv: -310.0000000005821 | Kalman_1st_Deriv: -50.13594031042885[0m
[93m[Override] HOLD overridden to SELL due to negative momentum.[0m
[96mCurrent BTC position: -0.071[0m
[93mTrade not approved for action: NONE[0m

[96m================== NEW TICK ==================[0m
[93mTick received at 2025-06-26 22:05:56 | Last price: 107005.30[0m
Response: {'serverTime': 1750946756935}
[96mUpdating bookkeeper for date: 2025-06-26, price: 107005.30...[0m
[96mOpen orders:[0m 0 | Queue OK: True
[96mRisk check:[0m stop_loss: False, trading_halt: False
[96mCollecting new data and aggregating features...[0m
Callback: (datetime.datetime(2025, 6, 26, 22, 5, 56, 781620), '107005.30')
[ANALYZE] Running feature engineering...
/Users/kendrickwinata/Desktop/QF625-Market microstructures/market-microstructure-main 2/market_microstructure_DY/market-microstructure-main/src/trading_engine/main_trading_strategy.py:255: FutureWarning: Series.replace without 'value' and with non-dict-like 'to_replace' is deprecated and will raise in a future version. Explicitly specify the new values instead.
  rs = gain / loss.replace(to_replace=0).ffill().bfill()
[96mModel output:[0m ('Hold', 107005.3, '2025-06-26 22:05:57')
[96m--- PERFORMANCE REPORT ---[0m
[92m      Wallet Balance: $10,201.72[0m
[92m    Unrealized P&L: $46.89[0m
[92m      Realized P&L: $334.92[0m
[96m      Sharpe Ratio: -0.2229[0m
[96m   Maximum Drawdown: -0.01%[0m
[96m        Signal: Hold[0m
[96m      Close: 107005.3[0m
[96m--------------------------[0m
[92mSignal: HOLD | Limit price: 107005.3[0m
[93mShort_MA_1st_Deriv: -208.00000000017462 | Kalman_1st_Deriv: 314.58812878554454[0m
[93mHOLD confirmed; insufficient momentum for override.[0m

[96m================== NEW TICK ==================[0m
[93mTick received at 2025-06-26 22:05:59 | Last price: 107002.50[0m
Response: {'serverTime': 1750946759228}
[96mUpdating bookkeeper for date: 2025-06-26, price: 107002.50...[0m
[96mOpen orders:[0m 0 | Queue OK: True
[96mRisk check:[0m stop_loss: False, trading_halt: False
[96mCollecting new data and aggregating features...[0m
Callback: (datetime.datetime(2025, 6, 26, 22, 5, 59, 57956), '107002.50')
[ANALYZE] Running feature engineering...
/Users/kendrickwinata/Desktop/QF625-Market microstructures/market-microstructure-main 2/market_microstructure_DY/market-microstructure-main/src/trading_engine/main_trading_strategy.py:255: FutureWarning: Series.replace without 'value' and with non-dict-like 'to_replace' is deprecated and will raise in a future version. Explicitly specify the new values instead.
  rs = gain / loss.replace(to_replace=0).ffill().bfill()
[96mModel output:[0m ('Sell', 107002.5, '2025-06-26 22:05:59')
[96m--- PERFORMANCE REPORT ---[0m
[92m      Wallet Balance: $10,201.77[0m
[92m    Unrealized P&L: $47.08[0m
[92m      Realized P&L: $334.98[0m
[96m      Sharpe Ratio: -0.1965[0m
[96m   Maximum Drawdown: -0.01%[0m
[96m        Signal: Sell[0m
[96m      Close: 107002.5[0m
[96m--------------------------[0m
[92mSignal: SELL | Limit price: 107002.5[0m
[96mCurrent BTC position: -0.071[0m
[93mTrade not approved for action: NONE[0m

[96m================== NEW TICK ==================[0m
[93mTick received at 2025-06-26 22:06:00 | Last price: 107002.50[0m
Response: {'serverTime': 1750946760785}
[96mUpdating bookkeeper for date: 2025-06-26, price: 107002.50...[0m
[96mOpen orders:[0m 0 | Queue OK: True
[96mRisk check:[0m stop_loss: False, trading_halt: False
[96mCollecting new data and aggregating features...[0m
Callback: (datetime.datetime(2025, 6, 26, 22, 6, 0, 617894), '107002.50')
[ANALYZE] Running feature engineering...
/Users/kendrickwinata/Desktop/QF625-Market microstructures/market-microstructure-main 2/market_microstructure_DY/market-microstructure-main/src/trading_engine/main_trading_strategy.py:255: FutureWarning: Series.replace without 'value' and with non-dict-like 'to_replace' is deprecated and will raise in a future version. Explicitly specify the new values instead.
  rs = gain / loss.replace(to_replace=0).ffill().bfill()
[96mModel output:[0m ('Hold', 107002.5, '2025-06-26 22:06:01')
[96m--- PERFORMANCE REPORT ---[0m
[92m      Wallet Balance: $10,201.76[0m
[92m    Unrealized P&L: $47.34[0m
[92m      Realized P&L: $334.97[0m
[96m      Sharpe Ratio: -0.1944[0m
[96m   Maximum Drawdown: -0.01%[0m
[96m        Signal: Hold[0m
[96m      Close: 107002.5[0m
[96m--------------------------[0m
[92mSignal: HOLD | Limit price: 107002.5[0m
[93mShort_MA_1st_Deriv: 51.99999999895226 | Kalman_1st_Deriv: -20.201244269264862[0m
[93mHOLD confirmed; insufficient momentum for override.[0m

[96m================== NEW TICK ==================[0m
[93mTick received at 2025-06-26 22:06:02 | Last price: 107006.40[0m
Response: {'serverTime': 1750946763137}
[96mUpdating bookkeeper for date: 2025-06-26, price: 107006.40...[0m
[96mOpen orders:[0m 0 | Queue OK: True
[96mRisk check:[0m stop_loss: False, trading_halt: False
[96mCollecting new data and aggregating features...[0m
Callback: (datetime.datetime(2025, 6, 26, 22, 6, 2, 971262), '107006.40')
[ANALYZE] Running feature engineering...
/Users/kendrickwinata/Desktop/QF625-Market microstructures/market-microstructure-main 2/market_microstructure_DY/market-microstructure-main/src/trading_engine/main_trading_strategy.py:255: FutureWarning: Series.replace without 'value' and with non-dict-like 'to_replace' is deprecated and will raise in a future version. Explicitly specify the new values instead.
  rs = gain / loss.replace(to_replace=0).ffill().bfill()
[96mModel output:[0m ('Hold', 107006.4, '2025-06-26 22:06:03')
[96m--- PERFORMANCE REPORT ---[0m
[92m      Wallet Balance: $10,201.82[0m
[92m    Unrealized P&L: $44.77[0m
[92m      Realized P&L: $335.02[0m
[96m      Sharpe Ratio: -0.1692[0m
[96m   Maximum Drawdown: -0.01%[0m
[96m        Signal: Hold[0m
[96m      Close: 107006.4[0m
[96m--------------------------[0m
[92mSignal: HOLD | Limit price: 107006.4[0m
[93mShort_MA_1st_Deriv: 130.00000000029104 | Kalman_1st_Deriv: 233.31706691678846[0m
[93m[Override] HOLD overridden to BUY due to positive momentum.[0m
[96mCurrent BTC position: -0.071[0m
[92m[Risk Check] CLOSE_SHORT approval: False, Quantity: 0.071[0m
[93mTrade not approved for action: CLOSE_SHORT[0m

[96m================== NEW TICK ==================[0m
[93mTick received at 2025-06-26 22:06:04 | Last price: 107006.40[0m
Response: {'serverTime': 1750946764805}
[96mUpdating bookkeeper for date: 2025-06-26, price: 107006.40...[0m
[96mOpen orders:[0m 0 | Queue OK: True
[96mRisk check:[0m stop_loss: False, trading_halt: False
[96mCollecting new data and aggregating features...[0m
Callback: (datetime.datetime(2025, 6, 26, 22, 6, 4, 629233), '107006.40')
[ANALYZE] Running feature engineering...
/Users/kendrickwinata/Desktop/QF625-Market microstructures/market-microstructure-main 2/market_microstructure_DY/market-microstructure-main/src/trading_engine/main_trading_strategy.py:255: FutureWarning: Series.replace without 'value' and with non-dict-like 'to_replace' is deprecated and will raise in a future version. Explicitly specify the new values instead.
  rs = gain / loss.replace(to_replace=0).ffill().bfill()
[96mModel output:[0m ('Sell', 107006.4, '2025-06-26 22:06:05')
[96m--- PERFORMANCE REPORT ---[0m
[92m      Wallet Balance: $10,202.39[0m
[92m    Unrealized P&L: $44.77[0m
[92m      Realized P&L: $335.59[0m
[96m      Sharpe Ratio: 0.0183[0m
[96m   Maximum Drawdown: -0.01%[0m
[96m        Signal: Sell[0m
[96m      Close: 107006.4[0m
[96m--------------------------[0m
[92mSignal: SELL | Limit price: 107006.4[0m
[96mCurrent BTC position: -0.071[0m
[93mTrade not approved for action: NONE[0m
Heartbeat: application running.
[96m--- PERFORMANCE REPORT ---[0m
[92m      Wallet Balance: $10,202.39[0m
[92m    Unrealized P&L: $44.77[0m
[92m      Realized P&L: $335.59[0m
[96m      Sharpe Ratio: 0.0183[0m
[96m   Maximum Drawdown: -0.01%[0m
[96m        Signal: Sell[0m
[96m      Close: 107006.4[0m
[96m--------------------------[0m

[96m================== NEW TICK ==================[0m
[93mTick received at 2025-06-26 22:06:06 | Last price: 107006.40[0m
Response: {'serverTime': 1750946766351}
[96mUpdating bookkeeper for date: 2025-06-26, price: 107006.40...[0m
[96mOpen orders:[0m 0 | Queue OK: True
[96mRisk check:[0m stop_loss: False, trading_halt: False
[96mCollecting new data and aggregating features...[0m
Callback: (datetime.datetime(2025, 6, 26, 22, 6, 6, 195224), '107006.40')
[ANALYZE] Running feature engineering...
/Users/kendrickwinata/Desktop/QF625-Market microstructures/market-microstructure-main 2/market_microstructure_DY/market-microstructure-main/src/trading_engine/main_trading_strategy.py:255: FutureWarning: Series.replace without 'value' and with non-dict-like 'to_replace' is deprecated and will raise in a future version. Explicitly specify the new values instead.
  rs = gain / loss.replace(to_replace=0).ffill().bfill()
[96mModel output:[0m ('Buy', 107006.4, '2025-06-26 22:06:06')
[96m--- PERFORMANCE REPORT ---[0m
[92m      Wallet Balance: $10,201.66[0m
[92m    Unrealized P&L: $44.84[0m
[92m      Realized P&L: $334.87[0m
[96m      Sharpe Ratio: -0.1231[0m
[96m   Maximum Drawdown: -0.01%[0m
[96m        Signal: Buy[0m
[96m      Close: 107006.4[0m
[96m--------------------------[0m
[92mSignal: BUY | Limit price: 107006.4[0m
[96mCurrent BTC position: -0.071[0m
[92m[Risk Check] CLOSE_SHORT approval: False, Quantity: 0.071[0m
[93mTrade not approved for action: CLOSE_SHORT[0m

[96m================== NEW TICK ==================[0m
[93mTick received at 2025-06-26 22:06:07 | Last price: 107007.10[0m
Response: {'serverTime': 1750946767905}
[96mUpdating bookkeeper for date: 2025-06-26, price: 107007.10...[0m
[96mOpen orders:[0m 0 | Queue OK: True
[96mRisk check:[0m stop_loss: False, trading_halt: False
[96mCollecting new data and aggregating features...[0m
Callback: (datetime.datetime(2025, 6, 26, 22, 6, 7, 642362), '107007.10')
[ANALYZE] Running feature engineering...
/Users/kendrickwinata/Desktop/QF625-Market microstructures/market-microstructure-main 2/market_microstructure_DY/market-microstructure-main/src/trading_engine/main_trading_strategy.py:255: FutureWarning: Series.replace without 'value' and with non-dict-like 'to_replace' is deprecated and will raise in a future version. Explicitly specify the new values instead.
  rs = gain / loss.replace(to_replace=0).ffill().bfill()
[96mModel output:[0m ('Sell', 107007.1, '2025-06-26 22:06:08')
[96m--- PERFORMANCE REPORT ---[0m
[92m      Wallet Balance: $10,201.84[0m
[92m    Unrealized P&L: $44.84[0m
[92m      Realized P&L: $335.05[0m
[96m      Sharpe Ratio: -0.0856[0m
[96m   Maximum Drawdown: -0.01%[0m
[96m        Signal: Sell[0m
[96m      Close: 107007.1[0m
[96m--------------------------[0m
[92mSignal: SELL | Limit price: 107007.1[0m
[96mCurrent BTC position: -0.071[0m
[93mTrade not approved for action: NONE[0m

[96m================== NEW TICK ==================[0m
[93mTick received at 2025-06-26 22:06:09 | Last price: 107007.20[0m
Response: {'serverTime': 1750946769706}
[96mUpdating bookkeeper for date: 2025-06-26, price: 107007.20...[0m
[96mOpen orders:[0m 0 | Queue OK: True
[96mRisk check:[0m stop_loss: False, trading_halt: False
[96mCollecting new data and aggregating features...[0m
Callback: (datetime.datetime(2025, 6, 26, 22, 6, 9, 484290), '107007.20')
[ANALYZE] Running feature engineering...
/Users/kendrickwinata/Desktop/QF625-Market microstructures/market-microstructure-main 2/market_microstructure_DY/market-microstructure-main/src/trading_engine/main_trading_strategy.py:255: FutureWarning: Series.replace without 'value' and with non-dict-like 'to_replace' is deprecated and will raise in a future version. Explicitly specify the new values instead.
  rs = gain / loss.replace(to_replace=0).ffill().bfill()
[96mModel output:[0m ('Sell', 107007.2, '2025-06-26 22:06:10')
[96m--- PERFORMANCE REPORT ---[0m
[92m      Wallet Balance: $10,201.89[0m
[92m    Unrealized P&L: $44.83[0m
[92m      Realized P&L: $335.09[0m
[96m      Sharpe Ratio: -0.0754[0m
[96m   Maximum Drawdown: -0.01%[0m
[96m        Signal: Sell[0m
[96m      Close: 107007.2[0m
[96m--------------------------[0m
[92mSignal: SELL | Limit price: 107007.2[0m
[96mCurrent BTC position: -0.071[0m
[93mTrade not approved for action: NONE[0m

[96m================== NEW TICK ==================[0m
[93mTick received at 2025-06-26 22:06:10 | Last price: 107007.20[0m
Response: {'serverTime': 1750946770982}
[96mUpdating bookkeeper for date: 2025-06-26, price: 107007.20...[0m
[96mOpen orders:[0m 0 | Queue OK: True
[96mRisk check:[0m stop_loss: False, trading_halt: False
[96mCollecting new data and aggregating features...[0m
Callback: (datetime.datetime(2025, 6, 26, 22, 6, 10, 818632), '107007.20')
[ANALYZE] Running feature engineering...
/Users/kendrickwinata/Desktop/QF625-Market microstructures/market-microstructure-main 2/market_microstructure_DY/market-microstructure-main/src/trading_engine/main_trading_strategy.py:255: FutureWarning: Series.replace without 'value' and with non-dict-like 'to_replace' is deprecated and will raise in a future version. Explicitly specify the new values instead.
  rs = gain / loss.replace(to_replace=0).ffill().bfill()
[96mModel output:[0m ('Buy', 107007.2, '2025-06-26 22:06:11')
[96m--- PERFORMANCE REPORT ---[0m
[92m      Wallet Balance: $10,201.86[0m
[92m    Unrealized P&L: $43.51[0m
[92m      Realized P&L: $335.06[0m
[96m      Sharpe Ratio: -0.0793[0m
[96m   Maximum Drawdown: -0.01%[0m
[96m        Signal: Buy[0m
[96m      Close: 107007.2[0m
[96m--------------------------[0m
[92mSignal: BUY | Limit price: 107007.2[0m
[96mCurrent BTC position: -0.071[0m
[92m[Risk Check] CLOSE_SHORT approval: False, Quantity: 0.071[0m
[93mTrade not approved for action: CLOSE_SHORT[0m

[96m================== NEW TICK ==================[0m
[93mTick received at 2025-06-26 22:06:12 | Last price: 107007.20[0m
Response: {'serverTime': 1750946772961}
[96mUpdating bookkeeper for date: 2025-06-26, price: 107007.20...[0m
[96mOpen orders:[0m 0 | Queue OK: True
[96mRisk check:[0m stop_loss: False, trading_halt: False
[96mCollecting new data and aggregating features...[0m
Callback: (datetime.datetime(2025, 6, 26, 22, 6, 12, 793211), '107007.20')
[ANALYZE] Running feature engineering...
/Users/kendrickwinata/Desktop/QF625-Market microstructures/market-microstructure-main 2/market_microstructure_DY/market-microstructure-main/src/trading_engine/main_trading_strategy.py:255: FutureWarning: Series.replace without 'value' and with non-dict-like 'to_replace' is deprecated and will raise in a future version. Explicitly specify the new values instead.
  rs = gain / loss.replace(to_replace=0).ffill().bfill()
[96mModel output:[0m ('Sell', 107007.2, '2025-06-26 22:06:13')
[96m--- PERFORMANCE REPORT ---[0m
[92m      Wallet Balance: $10,201.65[0m
[92m    Unrealized P&L: $42.11[0m
[92m      Realized P&L: $334.85[0m
[96m      Sharpe Ratio: -0.1120[0m
[96m   Maximum Drawdown: -0.01%[0m
[96m        Signal: Sell[0m
[96m      Close: 107007.2[0m
[96m--------------------------[0m
[92mSignal: SELL | Limit price: 107007.2[0m
[96mCurrent BTC position: -0.071[0m
[93mTrade not approved for action: NONE[0m

[96m================== NEW TICK ==================[0m
[93mTick received at 2025-06-26 22:06:14 | Last price: 107007.20[0m
Response: {'serverTime': 1750946774876}
[96mUpdating bookkeeper for date: 2025-06-26, price: 107007.20...[0m
[96mOpen orders:[0m 0 | Queue OK: True
[96mRisk check:[0m stop_loss: False, trading_halt: False
[96mCollecting new data and aggregating features...[0m
Callback: (datetime.datetime(2025, 6, 26, 22, 6, 14, 639383), '107007.20')
[ANALYZE] Running feature engineering...
/Users/kendrickwinata/Desktop/QF625-Market microstructures/market-microstructure-main 2/market_microstructure_DY/market-microstructure-main/src/trading_engine/main_trading_strategy.py:255: FutureWarning: Series.replace without 'value' and with non-dict-like 'to_replace' is deprecated and will raise in a future version. Explicitly specify the new values instead.
  rs = gain / loss.replace(to_replace=0).ffill().bfill()
[96mModel output:[0m ('Sell', 107007.2, '2025-06-26 22:06:15')
[96m--- PERFORMANCE REPORT ---[0m
[92m      Wallet Balance: $10,201.99[0m
[92m    Unrealized P&L: $42.11[0m
[92m      Realized P&L: $335.19[0m
[96m      Sharpe Ratio: -0.0512[0m
[96m   Maximum Drawdown: -0.01%[0m
[96m        Signal: Sell[0m
[96m      Close: 107007.2[0m
[96m--------------------------[0m
[92mSignal: SELL | Limit price: 107007.2[0m
[96mCurrent BTC position: -0.071[0m
[93mTrade not approved for action: NONE[0m
Heartbeat: application running.
[96m--- PERFORMANCE REPORT ---[0m
[92m      Wallet Balance: $10,201.99[0m
[92m    Unrealized P&L: $42.11[0m
[92m      Realized P&L: $335.19[0m
[96m      Sharpe Ratio: -0.0512[0m
[96m   Maximum Drawdown: -0.01%[0m
[96m        Signal: Sell[0m
[96m      Close: 107007.2[0m
[96m--------------------------[0m

[96m================== NEW TICK ==================[0m
[93mTick received at 2025-06-26 22:06:17 | Last price: 107007.20[0m
Response: {'serverTime': 1750946777199}
[96mUpdating bookkeeper for date: 2025-06-26, price: 107007.20...[0m
[96mOpen orders:[0m 0 | Queue OK: True
[96mRisk check:[0m stop_loss: False, trading_halt: False
[96mCollecting new data and aggregating features...[0m
Callback: (datetime.datetime(2025, 6, 26, 22, 6, 17, 30862), '107007.20')
[ANALYZE] Running feature engineering...
/Users/kendrickwinata/Desktop/QF625-Market microstructures/market-microstructure-main 2/market_microstructure_DY/market-microstructure-main/src/trading_engine/main_trading_strategy.py:255: FutureWarning: Series.replace without 'value' and with non-dict-like 'to_replace' is deprecated and will raise in a future version. Explicitly specify the new values instead.
  rs = gain / loss.replace(to_replace=0).ffill().bfill()
[96mModel output:[0m ('Buy', 107007.2, '2025-06-26 22:06:17')
[96m--- PERFORMANCE REPORT ---[0m
[92m      Wallet Balance: $10,202.55[0m
[92m    Unrealized P&L: $40.48[0m
[92m      Realized P&L: $335.75[0m
[96m      Sharpe Ratio: 0.0324[0m
[96m   Maximum Drawdown: -0.01%[0m
[96m        Signal: Buy[0m
[96m      Close: 107007.2[0m
[96m--------------------------[0m
[92mSignal: BUY | Limit price: 107007.2[0m
[96mCurrent BTC position: -0.071[0m
[92m[Risk Check] CLOSE_SHORT approval: False, Quantity: 0.071[0m
[93mTrade not approved for action: CLOSE_SHORT[0m

[96m================== NEW TICK ==================[0m
[93mTick received at 2025-06-26 22:06:18 | Last price: 107007.20[0m
Response: {'serverTime': 1750946778909}
[96mUpdating bookkeeper for date: 2025-06-26, price: 107007.20...[0m
[96mOpen orders:[0m 0 | Queue OK: True
[96mRisk check:[0m stop_loss: False, trading_halt: False
[96mCollecting new data and aggregating features...[0m
Callback: (datetime.datetime(2025, 6, 26, 22, 6, 18, 739426), '107007.20')
[ANALYZE] Running feature engineering...
/Users/kendrickwinata/Desktop/QF625-Market microstructures/market-microstructure-main 2/market_microstructure_DY/market-microstructure-main/src/trading_engine/main_trading_strategy.py:255: FutureWarning: Series.replace without 'value' and with non-dict-like 'to_replace' is deprecated and will raise in a future version. Explicitly specify the new values instead.
  rs = gain / loss.replace(to_replace=0).ffill().bfill()
[96mModel output:[0m ('Sell', 107007.2, '2025-06-26 22:06:19')
[96m--- PERFORMANCE REPORT ---[0m
[92m      Wallet Balance: $10,201.92[0m
[92m    Unrealized P&L: $40.10[0m
[92m      Realized P&L: $335.12[0m
[96m      Sharpe Ratio: -0.0495[0m
[96m   Maximum Drawdown: -0.01%[0m
[96m        Signal: Sell[0m
[96m      Close: 107007.2[0m
[96m--------------------------[0m
[92mSignal: SELL | Limit price: 107007.2[0m
[96mCurrent BTC position: -0.071[0m
[93mTrade not approved for action: NONE[0m

[96m================== NEW TICK ==================[0m
[93mTick received at 2025-06-26 22:06:20 | Last price: 107007.20[0m
Response: {'serverTime': 1750946780388}
[96mUpdating bookkeeper for date: 2025-06-26, price: 107007.20...[0m
[96mOpen orders:[0m 0 | Queue OK: True
[96mRisk check:[0m stop_loss: False, trading_halt: False
[96mCollecting new data and aggregating features...[0m
Callback: (datetime.datetime(2025, 6, 26, 22, 6, 20, 224889), '107007.20')
[ANALYZE] Running feature engineering...
/Users/kendrickwinata/Desktop/QF625-Market microstructures/market-microstructure-main 2/market_microstructure_DY/market-microstructure-main/src/trading_engine/main_trading_strategy.py:255: FutureWarning: Series.replace without 'value' and with non-dict-like 'to_replace' is deprecated and will raise in a future version. Explicitly specify the new values instead.
  rs = gain / loss.replace(to_replace=0).ffill().bfill()
[96mModel output:[0m ('Sell', 107007.2, '2025-06-26 22:06:20')
[96m--- PERFORMANCE REPORT ---[0m
[92m      Wallet Balance: $10,201.97[0m
[92m    Unrealized P&L: $39.44[0m
[92m      Realized P&L: $335.18[0m
[96m      Sharpe Ratio: -0.0423[0m
[96m   Maximum Drawdown: -0.01%[0m
[96m        Signal: Sell[0m
[96m      Close: 107007.2[0m
[96m--------------------------[0m
[92mSignal: SELL | Limit price: 107007.2[0m
[96mCurrent BTC position: -0.071[0m
[93mTrade not approved for action: NONE[0m

[96m================== NEW TICK ==================[0m
[93mTick received at 2025-06-26 22:06:21 | Last price: 107007.20[0m
****************** EXECUTING CALLBACK ******************
Execution callback triggered.
********FILLED******
****************** EXECUTING CALLBACK ******************
Execution callback triggered.
Response: {'serverTime': 1750946781861}
[96mUpdating bookkeeper for date: 2025-06-26, price: 107007.20...[0m
[96mOpen orders:[0m 0 | Queue OK: True
[96mRisk check:[0m stop_loss: False, trading_halt: False
[96mCollecting new data and aggregating features...[0m
Callback: (datetime.datetime(2025, 6, 26, 22, 6, 21, 654364), '107007.20')
[ANALYZE] Running feature engineering...
/Users/kendrickwinata/Desktop/QF625-Market microstructures/market-microstructure-main 2/market_microstructure_DY/market-microstructure-main/src/trading_engine/main_trading_strategy.py:255: FutureWarning: Series.replace without 'value' and with non-dict-like 'to_replace' is deprecated and will raise in a future version. Explicitly specify the new values instead.
  rs = gain / loss.replace(to_replace=0).ffill().bfill()
[96mModel output:[0m ('Sell', 107007.2, '2025-06-26 22:06:22')
[96m--- PERFORMANCE REPORT ---[0m
[92m      Wallet Balance: $10,244.86[0m
[92m    Unrealized P&L: $0.00[0m
[92m      Realized P&L: $378.06[0m
[96m      Sharpe Ratio: 0.1810[0m
[96m   Maximum Drawdown: -0.01%[0m
[96m        Signal: Sell[0m
[96m      Close: 107007.2[0m
[96m--------------------------[0m
[92mSignal: SELL | Limit price: 107007.2[0m
[96mCurrent BTC position: 0.0[0m
[96mAvailable to open short: 7683.6439142174995[0m
[91m[Risk Check] OPEN_SHORT approval: True, Amount: 7683.64, Quantity: 0.072[0m
[92mSubmitting SELL order: {'symbol': 'BTCUSDT', 'side': 'SELL', 'type': 'MARKET', 'quantity': 0.072, 'timestamp': 1750946766861, 'recvWindow': 60000}[0m
++++++++++++ATTEMPT TRADE++++++++++++++ {'orderId': 4818855160, 'symbol': 'BTCUSDT', 'status': 'NEW', 'clientOrderId': 'vy9ueDVjqCNRbl3wVwIdUj', 'price': '0.00', 'avgPrice': '0.00', 'origQty': '0.072', 'executedQty': '0.000', 'cumQty': '0.000', 'cumQuote': '0.00000', 'timeInForce': 'GTC', 'type': 'MARKET', 'reduceOnly': False, 'closePosition': False, 'side': 'SELL', 'positionSide': 'BOTH', 'stopPrice': '0.00', 'workingType': 'CONTRACT_PRICE', 'priceProtect': False, 'origType': 'MARKET', 'priceMatch': 'NONE', 'selfTradePreventionMode': 'EXPIRE_MAKER', 'goodTillDate': 0, 'updateTime': 1750946784990}
[92mSELL order executed successfully at 107007.2.[0m
****************** EXECUTING CALLBACK ******************
Execution callback triggered.
********FILLED******
****************** EXECUTING CALLBACK ******************
Execution callback triggered.
[96m--- PERFORMANCE REPORT ---[0m
[92m      Wallet Balance: $10,241.49[0m
[92m    Unrealized P&L: $-0.45[0m
[92m      Realized P&L: $374.70[0m
[96m      Sharpe Ratio: 0.1631[0m
[96m   Maximum Drawdown: -0.03%[0m
[96m        Signal: Sell[0m
[96m      Close: 107007.2[0m
[96m--------------------------[0m

[96m================== NEW TICK ==================[0m
[93mTick received at 2025-06-26 22:06:25 | Last price: 107015.40[0m
Response: {'serverTime': 1750946786050}
[96mUpdating bookkeeper for date: 2025-06-26, price: 107015.40...[0m
Heartbeat: application running.
[96m--- PERFORMANCE REPORT ---[0m
[92m      Wallet Balance: $10,241.49[0m
[92m    Unrealized P&L: $-0.45[0m
[92m      Realized P&L: $374.70[0m
[96m      Sharpe Ratio: 0.1631[0m
[96m   Maximum Drawdown: -0.03%[0m
[96m        Signal: Sell[0m
[96m      Close: 107007.2[0m
[96m--------------------------[0m
[96mOpen orders:[0m 0 | Queue OK: True
[96mRisk check:[0m stop_loss: False, trading_halt: False
[96mCollecting new data and aggregating features...[0m
Callback: (datetime.datetime(2025, 6, 26, 22, 6, 25, 878182), '107015.40')
[ANALYZE] Running feature engineering...
/Users/kendrickwinata/Desktop/QF625-Market microstructures/market-microstructure-main 2/market_microstructure_DY/market-microstructure-main/src/trading_engine/main_trading_strategy.py:255: FutureWarning: Series.replace without 'value' and with non-dict-like 'to_replace' is deprecated and will raise in a future version. Explicitly specify the new values instead.
  rs = gain / loss.replace(to_replace=0).ffill().bfill()
[96mModel output:[0m ('Sell', 107015.4, '2025-06-26 22:06:26')
[96m--- PERFORMANCE REPORT ---[0m
[92m      Wallet Balance: $10,241.18[0m
[92m    Unrealized P&L: $-0.53[0m
[92m      Realized P&L: $374.38[0m
[96m      Sharpe Ratio: 0.1592[0m
[96m   Maximum Drawdown: -0.04%[0m
[96m        Signal: Sell[0m
[96m      Close: 107015.4[0m
[96m--------------------------[0m
[92mSignal: SELL | Limit price: 107015.4[0m
[96mCurrent BTC position: -0.072[0m
[93mTrade not approved for action: NONE[0m

[96m================== NEW TICK ==================[0m
[93mTick received at 2025-06-26 22:06:27 | Last price: 107089.60[0m
Response: {'serverTime': 1750946787510}
[96mUpdating bookkeeper for date: 2025-06-26, price: 107089.60...[0m
[96mOpen orders:[0m 0 | Queue OK: True
[96mRisk check:[0m stop_loss: False, trading_halt: False
[96mCollecting new data and aggregating features...[0m
Callback: (datetime.datetime(2025, 6, 26, 22, 6, 27, 261554), '107089.60')
[ANALYZE] Running feature engineering...
/Users/kendrickwinata/Desktop/QF625-Market microstructures/market-microstructure-main 2/market_microstructure_DY/market-microstructure-main/src/trading_engine/main_trading_strategy.py:255: FutureWarning: Series.replace without 'value' and with non-dict-like 'to_replace' is deprecated and will raise in a future version. Explicitly specify the new values instead.
  rs = gain / loss.replace(to_replace=0).ffill().bfill()
[96mModel output:[0m ('Sell', 107089.6, '2025-06-26 22:06:27')
[96m--- PERFORMANCE REPORT ---[0m
[92m      Wallet Balance: $10,241.86[0m
[92m    Unrealized P&L: $-0.54[0m
[92m      Realized P&L: $375.07[0m
[96m      Sharpe Ratio: 0.1596[0m
[96m   Maximum Drawdown: -0.04%[0m
[96m        Signal: Sell[0m
[96m      Close: 107089.6[0m
[96m--------------------------[0m
[92mSignal: SELL | Limit price: 107089.6[0m
[96mCurrent BTC position: -0.072[0m
[93mTrade not approved for action: NONE[0m

[96m================== NEW TICK ==================[0m
[93mTick received at 2025-06-26 22:06:28 | Last price: 107089.60[0m
Response: {'serverTime': 1750946788830}
[96mUpdating bookkeeper for date: 2025-06-26, price: 107089.60...[0m
[96mOpen orders:[0m 0 | Queue OK: True
[96mRisk check:[0m stop_loss: False, trading_halt: False
[96mCollecting new data and aggregating features...[0m
Callback: (datetime.datetime(2025, 6, 26, 22, 6, 28, 662783), '107089.60')
[ANALYZE] Running feature engineering...
/Users/kendrickwinata/Desktop/QF625-Market microstructures/market-microstructure-main 2/market_microstructure_DY/market-microstructure-main/src/trading_engine/main_trading_strategy.py:255: FutureWarning: Series.replace without 'value' and with non-dict-like 'to_replace' is deprecated and will raise in a future version. Explicitly specify the new values instead.
  rs = gain / loss.replace(to_replace=0).ffill().bfill()
[96mModel output:[0m ('Sell', 107089.6, '2025-06-26 22:06:29')
[96m--- PERFORMANCE REPORT ---[0m
[92m      Wallet Balance: $10,241.88[0m
[92m    Unrealized P&L: $-0.61[0m
[92m      Realized P&L: $375.08[0m
[96m      Sharpe Ratio: 0.1573[0m
[96m   Maximum Drawdown: -0.04%[0m
[96m        Signal: Sell[0m
[96m      Close: 107089.6[0m
[96m--------------------------[0m
[92mSignal: SELL | Limit price: 107089.6[0m
[96mCurrent BTC position: -0.072[0m
[93mTrade not approved for action: NONE[0m

[96m================== NEW TICK ==================[0m
[93mTick received at 2025-06-26 22:06:30 | Last price: 107089.60[0m
Response: {'serverTime': 1750946790889}
[96mUpdating bookkeeper for date: 2025-06-26, price: 107089.60...[0m
[96mOpen orders:[0m 0 | Queue OK: True
[96mRisk check:[0m stop_loss: False, trading_halt: False
[96mCollecting new data and aggregating features...[0m
Callback: (datetime.datetime(2025, 6, 26, 22, 6, 30, 713657), '107089.60')
[ANALYZE] Running feature engineering...
/Users/kendrickwinata/Desktop/QF625-Market microstructures/market-microstructure-main 2/market_microstructure_DY/market-microstructure-main/src/trading_engine/main_trading_strategy.py:255: FutureWarning: Series.replace without 'value' and with non-dict-like 'to_replace' is deprecated and will raise in a future version. Explicitly specify the new values instead.
  rs = gain / loss.replace(to_replace=0).ffill().bfill()
[96mModel output:[0m ('Sell', 107089.6, '2025-06-26 22:06:31')
[96m--- PERFORMANCE REPORT ---[0m
[92m      Wallet Balance: $10,241.66[0m
[92m    Unrealized P&L: $-0.77[0m
[92m      Realized P&L: $374.87[0m
[96m      Sharpe Ratio: 0.1542[0m
[96m   Maximum Drawdown: -0.04%[0m
[96m        Signal: Sell[0m
[96m      Close: 107089.6[0m
[96m--------------------------[0m
[92mSignal: SELL | Limit price: 107089.6[0m
[96mCurrent BTC position: -0.072[0m
[93mTrade not approved for action: NONE[0m

[96m================== NEW TICK ==================[0m
[93mTick received at 2025-06-26 22:06:32 | Last price: 107092.80[0m
Response: {'serverTime': 1750946793229}
[96mUpdating bookkeeper for date: 2025-06-26, price: 107092.80...[0m
[96mOpen orders:[0m 0 | Queue OK: True
[96mRisk check:[0m stop_loss: False, trading_halt: False
[96mCollecting new data and aggregating features...[0m
Callback: (datetime.datetime(2025, 6, 26, 22, 6, 32, 995930), '107092.80')
[ANALYZE] Running feature engineering...
/Users/kendrickwinata/Desktop/QF625-Market microstructures/market-microstructure-main 2/market_microstructure_DY/market-microstructure-main/src/trading_engine/main_trading_strategy.py:255: FutureWarning: Series.replace without 'value' and with non-dict-like 'to_replace' is deprecated and will raise in a future version. Explicitly specify the new values instead.
  rs = gain / loss.replace(to_replace=0).ffill().bfill()
[96mModel output:[0m ('Sell', 107092.8, '2025-06-26 22:06:33')
[96m--- PERFORMANCE REPORT ---[0m
[92m      Wallet Balance: $10,241.73[0m
[92m    Unrealized P&L: $-0.55[0m
[92m      Realized P&L: $374.94[0m
[96m      Sharpe Ratio: 0.1523[0m
[96m   Maximum Drawdown: -0.04%[0m
[96m        Signal: Sell[0m
[96m      Close: 107092.8[0m
[96m--------------------------[0m
[92mSignal: SELL | Limit price: 107092.8[0m
[96mCurrent BTC position: -0.072[0m
[93mTrade not approved for action: NONE[0m

[96m================== NEW TICK ==================[0m
[93mTick received at 2025-06-26 22:06:34 | Last price: 107093.90[0m
Response: {'serverTime': 1750946794744}
[96mUpdating bookkeeper for date: 2025-06-26, price: 107093.90...[0m
[96mOpen orders:[0m 0 | Queue OK: True
[96mRisk check:[0m stop_loss: False, trading_halt: False
[96mCollecting new data and aggregating features...[0m
Callback: (datetime.datetime(2025, 6, 26, 22, 6, 34, 575100), '107093.90')
[ANALYZE] Running feature engineering...
/Users/kendrickwinata/Desktop/QF625-Market microstructures/market-microstructure-main 2/market_microstructure_DY/market-microstructure-main/src/trading_engine/main_trading_strategy.py:255: FutureWarning: Series.replace without 'value' and with non-dict-like 'to_replace' is deprecated and will raise in a future version. Explicitly specify the new values instead.
  rs = gain / loss.replace(to_replace=0).ffill().bfill()
[96mModel output:[0m ('Buy', 107093.9, '2025-06-26 22:06:35')
[96m--- PERFORMANCE REPORT ---[0m
[92m      Wallet Balance: $10,241.67[0m
[92m    Unrealized P&L: $-0.46[0m
[92m      Realized P&L: $374.88[0m
[96m      Sharpe Ratio: 0.1500[0m
[96m   Maximum Drawdown: -0.04%[0m
[96m        Signal: Buy[0m
[96m      Close: 107093.9[0m
[96m--------------------------[0m
[92mSignal: BUY | Limit price: 107093.9[0m
[96mCurrent BTC position: -0.072[0m
[92m[Risk Check] CLOSE_SHORT approval: True, Quantity: 0.072[0m
[92mSubmitting BUY order: {'symbol': 'BTCUSDT', 'side': 'BUY', 'type': 'MARKET', 'quantity': 0.072, 'timestamp': 1750946779744, 'recvWindow': 60000}[0m
++++++++++++ATTEMPT TRADE++++++++++++++ {'orderId': 4818859547, 'symbol': 'BTCUSDT', 'status': 'NEW', 'clientOrderId': 'O1yh25tPbrvNoQTQVV9N4S', 'price': '0.00', 'avgPrice': '0.00', 'origQty': '0.072', 'executedQty': '0.000', 'cumQty': '0.000', 'cumQuote': '0.00000', 'timeInForce': 'GTC', 'type': 'MARKET', 'reduceOnly': False, 'closePosition': False, 'side': 'BUY', 'positionSide': 'BOTH', 'stopPrice': '0.00', 'workingType': 'CONTRACT_PRICE', 'priceProtect': False, 'origType': 'MARKET', 'priceMatch': 'NONE', 'selfTradePreventionMode': 'EXPIRE_MAKER', 'goodTillDate': 0, 'updateTime': 1750946795626}
[92mBUY order executed successfully at 107093.9.[0m
****************** EXECUTING CALLBACK ******************
Execution callback triggered.
********FILLED******
****************** EXECUTING CALLBACK ******************
Execution callback triggered.
********FILLED******
****************** EXECUTING CALLBACK ******************
Execution callback triggered.
********FILLED******
****************** EXECUTING CALLBACK ******************
Execution callback triggered.
********FILLED******
[96m--- PERFORMANCE REPORT ---[0m
[92m      Wallet Balance: $10,238.09[0m
[92m    Unrealized P&L: $0.00[0m
****************** EXECUTING CALLBACK ******************
[92m      Realized P&L: $371.30[0m
Execution callback triggered.
[96m      Sharpe Ratio: 0.1339[0m
[96m   Maximum Drawdown: -0.07%[0m
********FILLED******
[96m        Signal: Buy[0m
[96m      Close: 107093.9[0m
[96m--------------------------[0m
****************** EXECUTING CALLBACK ******************
Execution callback triggered.
********FILLED******
****************** EXECUTING CALLBACK ******************
Execution callback triggered.
********FILLED******
****************** EXECUTING CALLBACK ******************
Execution callback triggered.
********FILLED******
****************** EXECUTING CALLBACK ******************
Execution callback triggered.
********FILLED******
****************** EXECUTING CALLBACK ******************
Execution callback triggered.
********FILLED******
****************** EXECUTING CALLBACK ******************
Execution callback triggered.
********FILLED******
****************** EXECUTING CALLBACK ******************
Execution callback triggered.
********FILLED******
****************** EXECUTING CALLBACK ******************
Execution callback triggered.
********FILLED******
****************** EXECUTING CALLBACK ******************
Execution callback triggered.
********FILLED******
****************** EXECUTING CALLBACK ******************
Execution callback triggered.
********FILLED******
****************** EXECUTING CALLBACK ******************
Execution callback triggered.
********FILLED******
****************** EXECUTING CALLBACK ******************
Execution callback triggered.
********FILLED******
****************** EXECUTING CALLBACK ******************
Execution callback triggered.
********FILLED******
****************** EXECUTING CALLBACK ******************
Execution callback triggered.
********FILLED******
****************** EXECUTING CALLBACK ******************
Execution callback triggered.
********FILLED******
****************** EXECUTING CALLBACK ******************
Execution callback triggered.
********FILLED******
****************** EXECUTING CALLBACK ******************
Execution callback triggered.
********FILLED******
****************** EXECUTING CALLBACK ******************
Execution callback triggered.
********FILLED******
****************** EXECUTING CALLBACK ******************
Execution callback triggered.
********FILLED******
****************** EXECUTING CALLBACK ******************
Execution callback triggered.
********FILLED******
****************** EXECUTING CALLBACK ******************
Execution callback triggered.
********FILLED******
****************** EXECUTING CALLBACK ******************
Execution callback triggered.
********FILLED******
****************** EXECUTING CALLBACK ******************
Execution callback triggered.
********FILLED******
****************** EXECUTING CALLBACK ******************
Execution callback triggered.
********FILLED******
****************** EXECUTING CALLBACK ******************
Execution callback triggered.
********FILLED******
****************** EXECUTING CALLBACK ******************
Execution callback triggered.
********FILLED******
****************** EXECUTING CALLBACK ******************
Execution callback triggered.
********FILLED******
****************** EXECUTING CALLBACK ******************
Execution callback triggered.
********FILLED******
****************** EXECUTING CALLBACK ******************
Execution callback triggered.
********FILLED******
****************** EXECUTING CALLBACK ******************
Execution callback triggered.
********FILLED******
****************** EXECUTING CALLBACK ******************
Execution callback triggered.
********FILLED******
****************** EXECUTING CALLBACK ******************
Execution callback triggered.
********FILLED******
****************** EXECUTING CALLBACK ******************
Execution callback triggered.
********FILLED******
****************** EXECUTING CALLBACK ******************
Execution callback triggered.
Heartbeat: application running.
[96m--- PERFORMANCE REPORT ---[0m
[92m      Wallet Balance: $10,238.09[0m
[92m    Unrealized P&L: $0.00[0m
[92m      Realized P&L: $371.30[0m
[96m      Sharpe Ratio: 0.1339[0m
[96m   Maximum Drawdown: -0.07%[0m
[96m        Signal: Buy[0m
[96m      Close: 107093.9[0m
[96m--------------------------[0m

[96m================== NEW TICK ==================[0m
[93mTick received at 2025-06-26 22:06:40 | Last price: 107091.40[0m
Response: {'serverTime': 1750946800444}
[96mUpdating bookkeeper for date: 2025-06-26, price: 107091.40...[0m
[96mOpen orders:[0m 0 | Queue OK: True
[96mRisk check:[0m stop_loss: False, trading_halt: False
[96mCollecting new data and aggregating features...[0m
Callback: (datetime.datetime(2025, 6, 26, 22, 6, 40, 264414), '107091.40')
[ANALYZE] Running feature engineering...
/Users/kendrickwinata/Desktop/QF625-Market microstructures/market-microstructure-main 2/market_microstructure_DY/market-microstructure-main/src/trading_engine/main_trading_strategy.py:255: FutureWarning: Series.replace without 'value' and with non-dict-like 'to_replace' is deprecated and will raise in a future version. Explicitly specify the new values instead.
  rs = gain / loss.replace(to_replace=0).ffill().bfill()
[96mModel output:[0m ('Buy', 107091.4, '2025-06-26 22:06:40')
[96m--- PERFORMANCE REPORT ---[0m
[92m      Wallet Balance: $10,238.43[0m
[92m    Unrealized P&L: $0.00[0m
[92m      Realized P&L: $371.63[0m
[96m      Sharpe Ratio: 0.1334[0m
[96m   Maximum Drawdown: -0.07%[0m
[96m        Signal: Buy[0m
[96m      Close: 107091.4[0m
[96m--------------------------[0m
[92mSignal: BUY | Limit price: 107091.4[0m
[96mCurrent BTC position: 0.0[0m
[96mAvailable to open long: 7678.818871755[0m
[92m[Risk Check] OPEN_LONG approval: True, Amount: 7678.82, Quantity: 0.072[0m
[92mSubmitting BUY order: {'symbol': 'BTCUSDT', 'side': 'BUY', 'type': 'MARKET', 'quantity': 0.072, 'timestamp': 1750946785444, 'recvWindow': 60000}[0m
++++++++++++ATTEMPT TRADE++++++++++++++ {'orderId': 4818863405, 'symbol': 'BTCUSDT', 'status': 'NEW', 'clientOrderId': '8JRuBejP4J72oGSjVP8ka7', 'price': '0.00', 'avgPrice': '0.00', 'origQty': '0.072', 'executedQty': '0.000', 'cumQty': '0.000', 'cumQuote': '0.00000', 'timeInForce': 'GTC', 'type': 'MARKET', 'reduceOnly': False, 'closePosition': False, 'side': 'BUY', 'positionSide': 'BOTH', 'stopPrice': '0.00', 'workingType': 'CONTRACT_PRICE', 'priceProtect': False, 'origType': 'MARKET', 'priceMatch': 'NONE', 'selfTradePreventionMode': 'EXPIRE_MAKER', 'goodTillDate': 0, 'updateTime': 1750946801325}
[92mBUY order executed successfully at 107091.4.[0m
****************** EXECUTING CALLBACK ******************
Execution callback triggered.
********FILLED******
****************** EXECUTING CALLBACK ******************
Execution callback triggered.
[96m--- PERFORMANCE REPORT ---[0m
[92m      Wallet Balance: $10,235.56[0m
[92m    Unrealized P&L: $-0.74[0m
[92m      Realized P&L: $368.77[0m
[96m      Sharpe Ratio: 0.1209[0m
[96m   Maximum Drawdown: -0.09%[0m
[96m        Signal: Buy[0m
[96m      Close: 107091.4[0m
[96m--------------------------[0m

[96m================== NEW TICK ==================[0m
[93mTick received at 2025-06-26 22:06:42 | Last price: 107091.40[0m
Response: {'serverTime': 1750946802595}
[96mUpdating bookkeeper for date: 2025-06-26, price: 107091.40...[0m
[96mOpen orders:[0m 0 | Queue OK: True
[96mRisk check:[0m stop_loss: False, trading_halt: False
[96mCollecting new data and aggregating features...[0m
Callback: (datetime.datetime(2025, 6, 26, 22, 6, 42, 402191), '107091.40')
[ANALYZE] Running feature engineering...
/Users/kendrickwinata/Desktop/QF625-Market microstructures/market-microstructure-main 2/market_microstructure_DY/market-microstructure-main/src/trading_engine/main_trading_strategy.py:255: FutureWarning: Series.replace without 'value' and with non-dict-like 'to_replace' is deprecated and will raise in a future version. Explicitly specify the new values instead.
  rs = gain / loss.replace(to_replace=0).ffill().bfill()
[96mModel output:[0m ('Hold', 107091.4, '2025-06-26 22:06:42')
[96m--- PERFORMANCE REPORT ---[0m
[92m      Wallet Balance: $10,235.40[0m
[92m    Unrealized P&L: $-0.96[0m
[92m      Realized P&L: $368.60[0m
[96m      Sharpe Ratio: 0.1188[0m
[96m   Maximum Drawdown: -0.09%[0m
[96m        Signal: Hold[0m
[96m      Close: 107091.4[0m
[96m--------------------------[0m
[92mSignal: HOLD | Limit price: 107091.4[0m
[93mShort_MA_1st_Deriv: 35.999999998603016 | Kalman_1st_Deriv: -23.2339296489954[0m
[93mHOLD confirmed; insufficient momentum for override.[0m

[96m================== NEW TICK ==================[0m
[93mTick received at 2025-06-26 22:06:45 | Last price: 107089.30[0m
Response: {'serverTime': 1750946806067}
[96mUpdating bookkeeper for date: 2025-06-26, price: 107089.30...[0m
Heartbeat: application running.
[96m--- PERFORMANCE REPORT ---[0m
[92m      Wallet Balance: $10,235.40[0m
[92m    Unrealized P&L: $-0.96[0m
[92m      Realized P&L: $368.60[0m
[96m      Sharpe Ratio: 0.1188[0m
[96m   Maximum Drawdown: -0.09%[0m
[96m        Signal: Hold[0m
[96m      Close: 107091.4[0m
[96m--------------------------[0m
[96mOpen orders:[0m 0 | Queue OK: True
[96mRisk check:[0m stop_loss: False, trading_halt: False
[96mCollecting new data and aggregating features...[0m
Callback: (datetime.datetime(2025, 6, 26, 22, 6, 45, 866547), '107089.30')
[ANALYZE] Running feature engineering...
/Users/kendrickwinata/Desktop/QF625-Market microstructures/market-microstructure-main 2/market_microstructure_DY/market-microstructure-main/src/trading_engine/main_trading_strategy.py:255: FutureWarning: Series.replace without 'value' and with non-dict-like 'to_replace' is deprecated and will raise in a future version. Explicitly specify the new values instead.
  rs = gain / loss.replace(to_replace=0).ffill().bfill()
[96mModel output:[0m ('Buy', 107089.3, '2025-06-26 22:06:46')
[96m--- PERFORMANCE REPORT ---[0m
[92m      Wallet Balance: $10,235.49[0m
[92m    Unrealized P&L: $-1.02[0m
[92m      Realized P&L: $368.70[0m
[96m      Sharpe Ratio: 0.1178[0m
[96m   Maximum Drawdown: -0.09%[0m
[96m        Signal: Buy[0m
[96m      Close: 107089.3[0m
[96m--------------------------[0m
[92mSignal: BUY | Limit price: 107089.3[0m
[96mCurrent BTC position: 0.072[0m
[93mTrade not approved for action: NONE[0m

[96m================== NEW TICK ==================[0m
[93mTick received at 2025-06-26 22:06:47 | Last price: 107088.40[0m
Response: {'serverTime': 1750946807344}
[96mUpdating bookkeeper for date: 2025-06-26, price: 107088.40...[0m
[96mOpen orders:[0m 0 | Queue OK: True
[96mRisk check:[0m stop_loss: False, trading_halt: False
[96mCollecting new data and aggregating features...[0m
Callback: (datetime.datetime(2025, 6, 26, 22, 6, 47, 166793), '107088.40')
[ANALYZE] Running feature engineering...
/Users/kendrickwinata/Desktop/QF625-Market microstructures/market-microstructure-main 2/market_microstructure_DY/market-microstructure-main/src/trading_engine/main_trading_strategy.py:255: FutureWarning: Series.replace without 'value' and with non-dict-like 'to_replace' is deprecated and will raise in a future version. Explicitly specify the new values instead.
  rs = gain / loss.replace(to_replace=0).ffill().bfill()
[96mModel output:[0m ('Buy', 107088.4, '2025-06-26 22:06:48')
[96m--- PERFORMANCE REPORT ---[0m
[92m      Wallet Balance: $10,235.49[0m
[92m    Unrealized P&L: $-1.31[0m
[92m      Realized P&L: $368.70[0m
[96m      Sharpe Ratio: 0.1164[0m
[96m   Maximum Drawdown: -0.09%[0m
[96m        Signal: Buy[0m
[96m      Close: 107088.4[0m
[96m--------------------------[0m
[92mSignal: BUY | Limit price: 107088.4[0m
[96mCurrent BTC position: 0.072[0m
[93mTrade not approved for action: NONE[0m

[96m================== NEW TICK ==================[0m
[93mTick received at 2025-06-26 22:06:50 | Last price: 107084.90[0m
Response: {'serverTime': 1750946810234}
[96mUpdating bookkeeper for date: 2025-06-26, price: 107084.90...[0m
[96mOpen orders:[0m 0 | Queue OK: True
[96mRisk check:[0m stop_loss: False, trading_halt: False
[96mCollecting new data and aggregating features...[0m
Callback: (datetime.datetime(2025, 6, 26, 22, 6, 50, 539), '107084.90')
[ANALYZE] Running feature engineering...
/Users/kendrickwinata/Desktop/QF625-Market microstructures/market-microstructure-main 2/market_microstructure_DY/market-microstructure-main/src/trading_engine/main_trading_strategy.py:255: FutureWarning: Series.replace without 'value' and with non-dict-like 'to_replace' is deprecated and will raise in a future version. Explicitly specify the new values instead.
  rs = gain / loss.replace(to_replace=0).ffill().bfill()
[96mModel output:[0m ('Buy', 107084.9, '2025-06-26 22:06:50')
[96m--- PERFORMANCE REPORT ---[0m
[92m      Wallet Balance: $10,235.59[0m
[92m    Unrealized P&L: $-2.35[0m
[92m      Realized P&L: $368.79[0m
[96m      Sharpe Ratio: 0.1154[0m
[96m   Maximum Drawdown: -0.09%[0m
[96m        Signal: Buy[0m
[96m      Close: 107084.9[0m
[96m--------------------------[0m
[92mSignal: BUY | Limit price: 107084.9[0m
[96mCurrent BTC position: 0.072[0m
[93mTrade not approved for action: NONE[0m

[96m================== NEW TICK ==================[0m
[93mTick received at 2025-06-26 22:06:51 | Last price: 107084.90[0m
Response: {'serverTime': 1750946812053}
[96mUpdating bookkeeper for date: 2025-06-26, price: 107084.90...[0m
[96mOpen orders:[0m 0 | Queue OK: True
[96mRisk check:[0m stop_loss: False, trading_halt: False
[96mCollecting new data and aggregating features...[0m
Callback: (datetime.datetime(2025, 6, 26, 22, 6, 51, 797808), '107084.90')
[ANALYZE] Running feature engineering...
/Users/kendrickwinata/Desktop/QF625-Market microstructures/market-microstructure-main 2/market_microstructure_DY/market-microstructure-main/src/trading_engine/main_trading_strategy.py:255: FutureWarning: Series.replace without 'value' and with non-dict-like 'to_replace' is deprecated and will raise in a future version. Explicitly specify the new values instead.
  rs = gain / loss.replace(to_replace=0).ffill().bfill()
[96mModel output:[0m ('Sell', 107084.9, '2025-06-26 22:06:52')
[96m--- PERFORMANCE REPORT ---[0m
[92m      Wallet Balance: $10,235.45[0m
[92m    Unrealized P&L: $-2.41[0m
[92m      Realized P&L: $368.66[0m
[96m      Sharpe Ratio: 0.1137[0m
[96m   Maximum Drawdown: -0.09%[0m
[96m        Signal: Sell[0m
[96m      Close: 107084.9[0m
[96m--------------------------[0m
[92mSignal: SELL | Limit price: 107084.9[0m
[96mCurrent BTC position: 0.072[0m
[91m[Risk Check] CLOSE_LONG approval: True, Position quantity: 0.072[0m
[92mSubmitting SELL order: {'symbol': 'BTCUSDT', 'side': 'SELL', 'type': 'MARKET', 'quantity': 0.072, 'timestamp': 1750946797053, 'recvWindow': 60000}[0m
++++++++++++ATTEMPT TRADE++++++++++++++ {'orderId': 4818875045, 'symbol': 'BTCUSDT', 'status': 'NEW', 'clientOrderId': 'wPJB45GPq9wfbbABVADOkV', 'price': '0.00', 'avgPrice': '0.00', 'origQty': '0.072', 'executedQty': '0.000', 'cumQty': '0.000', 'cumQuote': '0.00000', 'timeInForce': 'GTC', 'type': 'MARKET', 'reduceOnly': False, 'closePosition': False, 'side': 'SELL', 'positionSide': 'BOTH', 'stopPrice': '0.00', 'workingType': 'CONTRACT_PRICE', 'priceProtect': False, 'origType': 'MARKET', 'priceMatch': 'NONE', 'selfTradePreventionMode': 'EXPIRE_MAKER', 'goodTillDate': 0, 'updateTime': 1750946813083}
[92mSELL order executed successfully at 107084.9.[0m
****************** EXECUTING CALLBACK ******************
Execution callback triggered.
********FILLED******
****************** EXECUTING CALLBACK ******************
Execution callback triggered.
[96m--- PERFORMANCE REPORT ---[0m
[92m      Wallet Balance: $10,231.89[0m
[92m    Unrealized P&L: $0.00[0m
[92m      Realized P&L: $365.09[0m
[96m      Sharpe Ratio: 0.0999[0m
[96m   Maximum Drawdown: -0.13%[0m
[96m        Signal: Sell[0m
[96m      Close: 107084.9[0m
[96m--------------------------[0m

[96m================== NEW TICK ==================[0m
[93mTick received at 2025-06-26 22:06:54 | Last price: 107084.90[0m
Response: {'serverTime': 1750946814874}
[96mUpdating bookkeeper for date: 2025-06-26, price: 107084.90...[0m
[96mOpen orders:[0m 0 | Queue OK: True
[96mRisk check:[0m stop_loss: False, trading_halt: False
[96mCollecting new data and aggregating features...[0m
Callback: (datetime.datetime(2025, 6, 26, 22, 6, 54, 679900), '107084.90')
[ANALYZE] Running feature engineering...
/Users/kendrickwinata/Desktop/QF625-Market microstructures/market-microstructure-main 2/market_microstructure_DY/market-microstructure-main/src/trading_engine/main_trading_strategy.py:255: FutureWarning: Series.replace without 'value' and with non-dict-like 'to_replace' is deprecated and will raise in a future version. Explicitly specify the new values instead.
  rs = gain / loss.replace(to_replace=0).ffill().bfill()
[96mModel output:[0m ('Hold', 107084.9, '2025-06-26 22:06:55')
[96m--- PERFORMANCE REPORT ---[0m
[92m      Wallet Balance: $10,231.88[0m
[92m    Unrealized P&L: $0.00[0m
[92m      Realized P&L: $365.08[0m
[96m      Sharpe Ratio: 0.0988[0m
[96m   Maximum Drawdown: -0.13%[0m
[96m        Signal: Hold[0m
[96m      Close: 107084.9[0m
[96m--------------------------[0m
[92mSignal: HOLD | Limit price: 107084.9[0m
[93mShort_MA_1st_Deriv: -130.00000000174623 | Kalman_1st_Deriv: -37.61083304852946[0m
[93m[Override] HOLD overridden to SELL due to negative momentum.[0m
[96mCurrent BTC position: 0.0[0m
[96mAvailable to open short: 7673.9068816875[0m
[91m[Risk Check] OPEN_SHORT approval: True, Amount: 7673.91, Quantity: 0.072[0m
[92mSubmitting SELL order: {'symbol': 'BTCUSDT', 'side': 'SELL', 'type': 'MARKET', 'quantity': 0.072, 'timestamp': 1750946799874, 'recvWindow': 60000}[0m
Heartbeat: application running.
[96m--- PERFORMANCE REPORT ---[0m
[92m      Wallet Balance: $10,231.88[0m
[92m    Unrealized P&L: $0.00[0m
[92m      Realized P&L: $365.08[0m
[96m      Sharpe Ratio: 0.0988[0m
[96m   Maximum Drawdown: -0.13%[0m
[96m        Signal: Hold[0m
[96m      Close: 107084.9[0m
[96m--------------------------[0m
++++++++++++ATTEMPT TRADE++++++++++++++ {'orderId': 4818877462, 'symbol': 'BTCUSDT', 'status': 'NEW', 'clientOrderId': '8eLPsfTPLqzn5L6OCWUFe4', 'price': '0.00', 'avgPrice': '0.00', 'origQty': '0.072', 'executedQty': '0.000', 'cumQty': '0.000', 'cumQuote': '0.00000', 'timeInForce': 'GTC', 'type': 'MARKET', 'reduceOnly': False, 'closePosition': False, 'side': 'SELL', 'positionSide': 'BOTH', 'stopPrice': '0.00', 'workingType': 'CONTRACT_PRICE', 'priceProtect': False, 'origType': 'MARKET', 'priceMatch': 'NONE', 'selfTradePreventionMode': 'EXPIRE_MAKER', 'goodTillDate': 0, 'updateTime': 1750946816247}
[92mSELL order executed successfully at 107084.9.[0m
****************** EXECUTING CALLBACK ******************
Execution callback triggered.
********FILLED******
****************** EXECUTING CALLBACK ******************
Execution callback triggered.
********FILLED******
****************** EXECUTING CALLBACK ******************
Execution callback triggered.
[96m--- PERFORMANCE REPORT ---[0m
[92m      Wallet Balance: $10,228.79[0m
[92m    Unrealized P&L: $1.75[0m
[92m      Realized P&L: $361.99[0m
[96m      Sharpe Ratio: 0.0873[0m
[96m   Maximum Drawdown: -0.16%[0m
[96m        Signal: Hold[0m
[96m      Close: 107084.9[0m
[96m--------------------------[0m

[96m================== NEW TICK ==================[0m
[93mTick received at 2025-06-26 22:06:56 | Last price: 107084.90[0m
Response: {'serverTime': 1750946817177}
[96mUpdating bookkeeper for date: 2025-06-26, price: 107084.90...[0m
[96mOpen orders:[0m 0 | Queue OK: True
[96mRisk check:[0m stop_loss: False, trading_halt: False
[96mCollecting new data and aggregating features...[0m
Callback: (datetime.datetime(2025, 6, 26, 22, 6, 56, 992197), '107084.90')
[ANALYZE] Running feature engineering...
/Users/kendrickwinata/Desktop/QF625-Market microstructures/market-microstructure-main 2/market_microstructure_DY/market-microstructure-main/src/trading_engine/main_trading_strategy.py:255: FutureWarning: Series.replace without 'value' and with non-dict-like 'to_replace' is deprecated and will raise in a future version. Explicitly specify the new values instead.
  rs = gain / loss.replace(to_replace=0).ffill().bfill()
[96mModel output:[0m ('Sell', 107084.9, '2025-06-26 22:06:58')
[96m--- PERFORMANCE REPORT ---[0m
[92m      Wallet Balance: $10,229.08[0m
[92m    Unrealized P&L: $1.76[0m
[92m      Realized P&L: $362.28[0m
[96m      Sharpe Ratio: 0.0874[0m
[96m   Maximum Drawdown: -0.16%[0m
[96m        Signal: Sell[0m
[96m      Close: 107084.9[0m
[96m--------------------------[0m
[92mSignal: SELL | Limit price: 107084.9[0m
[96mCurrent BTC position: -0.072[0m
[93mTrade not approved for action: NONE[0m

[96m================== NEW TICK ==================[0m
[93mTick received at 2025-06-26 22:07:00 | Last price: 107072.90[0m
Response: {'serverTime': 1750946820231}
[96mUpdating bookkeeper for date: 2025-06-26, price: 107072.90...[0m
[96mOpen orders:[0m 0 | Queue OK: True
[96mRisk check:[0m stop_loss: False, trading_halt: False
[96mCollecting new data and aggregating features...[0m
Callback: (datetime.datetime(2025, 6, 26, 22, 7, 0, 41753), '107072.90')
[ANALYZE] Running feature engineering...
/Users/kendrickwinata/Desktop/QF625-Market microstructures/market-microstructure-main 2/market_microstructure_DY/market-microstructure-main/src/trading_engine/main_trading_strategy.py:255: FutureWarning: Series.replace without 'value' and with non-dict-like 'to_replace' is deprecated and will raise in a future version. Explicitly specify the new values instead.
  rs = gain / loss.replace(to_replace=0).ffill().bfill()
[96mModel output:[0m ('Buy', 107072.9, '2025-06-26 22:07:00')
[96m--- PERFORMANCE REPORT ---[0m
[92m      Wallet Balance: $10,229.08[0m
[92m    Unrealized P&L: $2.24[0m
[92m      Realized P&L: $362.28[0m
[96m      Sharpe Ratio: 0.0866[0m
[96m   Maximum Drawdown: -0.16%[0m
[96m        Signal: Buy[0m
[96m      Close: 107072.9[0m
[96m--------------------------[0m
[92mSignal: BUY | Limit price: 107072.9[0m
[96mCurrent BTC position: -0.072[0m
[92m[Risk Check] CLOSE_SHORT approval: True, Quantity: 0.072[0m
[92mSubmitting BUY order: {'symbol': 'BTCUSDT', 'side': 'BUY', 'type': 'MARKET', 'quantity': 0.072, 'timestamp': 1750946805231, 'recvWindow': 60000}[0m
++++++++++++ATTEMPT TRADE++++++++++++++ {'orderId': 4818881845, 'symbol': 'BTCUSDT', 'status': 'NEW', 'clientOrderId': 'DxCinc4RnSs29exZrhakoJ', 'price': '0.00', 'avgPrice': '0.00', 'origQty': '0.072', 'executedQty': '0.000', 'cumQty': '0.000', 'cumQuote': '0.00000', 'timeInForce': 'GTC', 'type': 'MARKET', 'reduceOnly': False, 'closePosition': False, 'side': 'BUY', 'positionSide': 'BOTH', 'stopPrice': '0.00', 'workingType': 'CONTRACT_PRICE', 'priceProtect': False, 'origType': 'MARKET', 'priceMatch': 'NONE', 'selfTradePreventionMode': 'EXPIRE_MAKER', 'goodTillDate': 0, 'updateTime': 1750946820961}
[92mBUY order executed successfully at 107072.9.[0m
****************** EXECUTING CALLBACK ******************
Execution callback triggered.
********FILLED******
****************** EXECUTING CALLBACK ******************
Execution callback triggered.
********FILLED******
****************** EXECUTING CALLBACK ******************
Execution callback triggered.
********FILLED******
****************** EXECUTING CALLBACK ******************
Execution callback triggered.
********FILLED******
****************** EXECUTING CALLBACK ******************
Execution callback triggered.
********FILLED******
****************** EXECUTING CALLBACK ******************
Execution callback triggered.
********FILLED******
****************** EXECUTING CALLBACK ******************
Execution callback triggered.
********FILLED******
****************** EXECUTING CALLBACK ******************
Execution callback triggered.
********FILLED******
****************** EXECUTING CALLBACK ******************
Execution callback triggered.
********FILLED******
****************** EXECUTING CALLBACK ******************
Execution callback triggered.
********FILLED******
****************** EXECUTING CALLBACK ******************
Execution callback triggered.
********FILLED******
****************** EXECUTING CALLBACK ******************
Execution callback triggered.
********FILLED******
****************** EXECUTING CALLBACK ******************
Execution callback triggered.
********FILLED******
****************** EXECUTING CALLBACK ******************
Execution callback triggered.
********FILLED******
****************** EXECUTING CALLBACK ******************
Execution callback triggered.
********FILLED******
****************** EXECUTING CALLBACK ******************
Execution callback triggered.
********FILLED******
****************** EXECUTING CALLBACK ******************
Execution callback triggered.
********FILLED******
****************** EXECUTING CALLBACK ******************
Execution callback triggered.
********FILLED******
****************** EXECUTING CALLBACK ******************
Execution callback triggered.
********FILLED******
****************** EXECUTING CALLBACK ******************
Execution callback triggered.
********FILLED******
****************** EXECUTING CALLBACK ******************
Execution callback triggered.
********FILLED******
****************** EXECUTING CALLBACK ******************
Execution callback triggered.
********FILLED******
****************** EXECUTING CALLBACK ******************
Execution callback triggered.
********FILLED******
****************** EXECUTING CALLBACK ******************
Execution callback triggered.
********FILLED******
****************** EXECUTING CALLBACK ******************
Execution callback triggered.
********FILLED******
****************** EXECUTING CALLBACK ******************
Execution callback triggered.
********FILLED******
****************** EXECUTING CALLBACK ******************
Execution callback triggered.
********FILLED******
****************** EXECUTING CALLBACK ******************
Execution callback triggered.
********FILLED******
****************** EXECUTING CALLBACK ******************
Execution callback triggered.
********FILLED******
****************** EXECUTING CALLBACK ******************
Execution callback triggered.
********FILLED******
****************** EXECUTING CALLBACK ******************
Execution callback triggered.
********FILLED******
****************** EXECUTING CALLBACK ******************
Execution callback triggered.
********FILLED******
****************** EXECUTING CALLBACK ******************
Execution callback triggered.
********FILLED******
****************** EXECUTING CALLBACK ******************
Execution callback triggered.
********FILLED******
****************** EXECUTING CALLBACK ******************
Execution callback triggered.
********FILLED******
****************** EXECUTING CALLBACK ******************
Execution callback triggered.
********FILLED******
****************** EXECUTING CALLBACK ******************
Execution callback triggered.
********FILLED******
****************** EXECUTING CALLBACK ******************
Execution callback triggered.
********FILLED******
****************** EXECUTING CALLBACK ******************
Execution callback triggered.
********FILLED******
****************** EXECUTING CALLBACK ******************
Execution callback triggered.
[96m--- PERFORMANCE REPORT ---[0m
[92m      Wallet Balance: $10,225.80[0m
[92m    Unrealized P&L: $0.00[0m
[92m      Realized P&L: $359.01[0m
[96m      Sharpe Ratio: 0.0750[0m
[96m   Maximum Drawdown: -0.19%[0m
[96m        Signal: Buy[0m
[96m      Close: 107072.9[0m
[96m--------------------------[0m

[96m================== NEW TICK ==================[0m
[93mTick received at 2025-06-26 22:07:01 | Last price: 107072.90[0m
Response: {'serverTime': 1750946822068}
[96mUpdating bookkeeper for date: 2025-06-26, price: 107072.90...[0m
[96mOpen orders:[0m 0 | Queue OK: True
[96mRisk check:[0m stop_loss: False, trading_halt: False
[96mCollecting new data and aggregating features...[0m
Callback: (datetime.datetime(2025, 6, 26, 22, 7, 1, 822708), '107072.90')
[ANALYZE] Running feature engineering...
/Users/kendrickwinata/Desktop/QF625-Market microstructures/market-microstructure-main 2/market_microstructure_DY/market-microstructure-main/src/trading_engine/main_trading_strategy.py:255: FutureWarning: Series.replace without 'value' and with non-dict-like 'to_replace' is deprecated and will raise in a future version. Explicitly specify the new values instead.
  rs = gain / loss.replace(to_replace=0).ffill().bfill()
[96mModel output:[0m ('Hold', 107072.9, '2025-06-26 22:07:02')
[96m--- PERFORMANCE REPORT ---[0m
[92m      Wallet Balance: $10,225.71[0m
[92m    Unrealized P&L: $0.00[0m
[92m      Realized P&L: $358.91[0m
[96m      Sharpe Ratio: 0.0740[0m
[96m   Maximum Drawdown: -0.19%[0m
[96m        Signal: Hold[0m
[96m      Close: 107072.9[0m
[96m--------------------------[0m
[92mSignal: HOLD | Limit price: 107072.9[0m
[93mShort_MA_1st_Deriv: -239.99999999941792 | Kalman_1st_Deriv: -285.3775528885308[0m
[93m[Override] HOLD overridden to SELL due to negative momentum.[0m
[96mCurrent BTC position: 0.0[0m
[96mAvailable to open short: 7669.282428105[0m
[91m[Risk Check] OPEN_SHORT approval: True, Amount: 7669.28, Quantity: 0.072[0m
[92mSubmitting SELL order: {'symbol': 'BTCUSDT', 'side': 'SELL', 'type': 'MARKET', 'quantity': 0.072, 'timestamp': 1750946807068, 'recvWindow': 60000}[0m
++++++++++++ATTEMPT TRADE++++++++++++++ {'orderId': 4818883368, 'symbol': 'BTCUSDT', 'status': 'NEW', 'clientOrderId': '0qOdQyxOm9muYdpeF6Mr4R', 'price': '0.00', 'avgPrice': '0.00', 'origQty': '0.072', 'executedQty': '0.000', 'cumQty': '0.000', 'cumQuote': '0.00000', 'timeInForce': 'GTC', 'type': 'MARKET', 'reduceOnly': False, 'closePosition': False, 'side': 'SELL', 'positionSide': 'BOTH', 'stopPrice': '0.00', 'workingType': 'CONTRACT_PRICE', 'priceProtect': False, 'origType': 'MARKET', 'priceMatch': 'NONE', 'selfTradePreventionMode': 'EXPIRE_MAKER', 'goodTillDate': 0, 'updateTime': 1750946822803}
****************** EXECUTING CALLBACK ******************
[92mSELL order executed successfully at 107072.9.[0m
Execution callback triggered.
********FILLED******
****************** EXECUTING CALLBACK ******************
Execution callback triggered.
********FILLED******
****************** EXECUTING CALLBACK ******************
Execution callback triggered.
[96m--- PERFORMANCE REPORT ---[0m
[92m      Wallet Balance: $10,222.63[0m
[92m    Unrealized P&L: $2.35[0m
[92m      Realized P&L: $355.83[0m
[96m      Sharpe Ratio: 0.0635[0m
[96m   Maximum Drawdown: -0.22%[0m
[96m        Signal: Hold[0m
[96m      Close: 107072.9[0m
[96m--------------------------[0m

[96m================== NEW TICK ==================[0m
[93mTick received at 2025-06-26 22:07:04 | Last price: 107066.10[0m
Response: {'serverTime': 1750946824334}
[96mUpdating bookkeeper for date: 2025-06-26, price: 107066.10...[0m
[96mOpen orders:[0m 0 | Queue OK: True
[96mRisk check:[0m stop_loss: False, trading_halt: False
[96mCollecting new data and aggregating features...[0m
Callback: (datetime.datetime(2025, 6, 26, 22, 7, 4, 149321), '107066.10')
[ANALYZE] Running feature engineering...
/Users/kendrickwinata/Desktop/QF625-Market microstructures/market-microstructure-main 2/market_microstructure_DY/market-microstructure-main/src/trading_engine/main_trading_strategy.py:255: FutureWarning: Series.replace without 'value' and with non-dict-like 'to_replace' is deprecated and will raise in a future version. Explicitly specify the new values instead.
  rs = gain / loss.replace(to_replace=0).ffill().bfill()
[96mModel output:[0m ('Buy', 107066.1, '2025-06-26 22:07:04')
[96m--- PERFORMANCE REPORT ---[0m
[92m      Wallet Balance: $10,222.90[0m
[92m    Unrealized P&L: $4.28[0m
[92m      Realized P&L: $356.10[0m
[96m      Sharpe Ratio: 0.0637[0m
[96m   Maximum Drawdown: -0.22%[0m
[96m        Signal: Buy[0m
[96m      Close: 107066.1[0m
[96m--------------------------[0m
[92mSignal: BUY | Limit price: 107066.1[0m
[96mCurrent BTC position: -0.072[0m
[92m[Risk Check] CLOSE_SHORT approval: True, Quantity: 0.072[0m
[92mSubmitting BUY order: {'symbol': 'BTCUSDT', 'side': 'BUY', 'type': 'MARKET', 'quantity': 0.072, 'timestamp': 1750946809334, 'recvWindow': 60000}[0m
++++++++++++ATTEMPT TRADE++++++++++++++ {'orderId': 4818884968, 'symbol': 'BTCUSDT', 'status': 'NEW', 'clientOrderId': 'FdsD2DXWHod1vTvogqazc8', 'price': '0.00', 'avgPrice': '0.00', 'origQty': '0.072', 'executedQty': '0.000', 'cumQty': '0.000', 'cumQuote': '0.00000', 'timeInForce': 'GTC', 'type': 'MARKET', 'reduceOnly': False, 'closePosition': False, 'side': 'BUY', 'positionSide': 'BOTH', 'stopPrice': '0.00', 'workingType': 'CONTRACT_PRICE', 'priceProtect': False, 'origType': 'MARKET', 'priceMatch': 'NONE', 'selfTradePreventionMode': 'EXPIRE_MAKER', 'goodTillDate': 0, 'updateTime': 1750946825109}
[92mBUY order executed successfully at 107066.1.[0m
****************** EXECUTING CALLBACK ******************
Execution callback triggered.
********FILLED******
****************** EXECUTING CALLBACK ******************
Execution callback triggered.
********FILLED******
****************** EXECUTING CALLBACK ******************
Execution callback triggered.
********FILLED******
****************** EXECUTING CALLBACK ******************
Execution callback triggered.
********FILLED******
****************** EXECUTING CALLBACK ******************
Execution callback triggered.
********FILLED******
****************** EXECUTING CALLBACK ******************
Execution callback triggered.
********FILLED******
****************** EXECUTING CALLBACK ******************
Execution callback triggered.
********FILLED******
****************** EXECUTING CALLBACK ******************
Execution callback triggered.
********FILLED******
****************** EXECUTING CALLBACK ******************
Execution callback triggered.
********FILLED******
****************** EXECUTING CALLBACK ******************
Execution callback triggered.
********FILLED******
****************** EXECUTING CALLBACK ******************
Execution callback triggered.
********FILLED******
****************** EXECUTING CALLBACK ******************
Execution callback triggered.
********FILLED******
****************** EXECUTING CALLBACK ******************
Execution callback triggered.
********FILLED******
****************** EXECUTING CALLBACK ******************
Execution callback triggered.
********FILLED******
****************** EXECUTING CALLBACK ******************
Execution callback triggered.
********FILLED******
****************** EXECUTING CALLBACK ******************
Execution callback triggered.
********FILLED******
****************** EXECUTING CALLBACK ******************
Execution callback triggered.
********FILLED******
****************** EXECUTING CALLBACK ******************
Execution callback triggered.
********FILLED******
****************** EXECUTING CALLBACK ******************
Execution callback triggered.
********FILLED******
****************** EXECUTING CALLBACK ******************
Execution callback triggered.
********FILLED******
****************** EXECUTING CALLBACK ******************
Execution callback triggered.
********FILLED******
****************** EXECUTING CALLBACK ******************
Execution callback triggered.
********FILLED******
****************** EXECUTING CALLBACK ******************
Execution callback triggered.
********FILLED******
****************** EXECUTING CALLBACK ******************
Execution callback triggered.
********FILLED******
****************** EXECUTING CALLBACK ******************
Execution callback triggered.
********FILLED******
****************** EXECUTING CALLBACK ******************
Execution callback triggered.
********FILLED******
****************** EXECUTING CALLBACK ******************
Execution callback triggered.
********FILLED******
****************** EXECUTING CALLBACK ******************
Execution callback triggered.
********FILLED******
****************** EXECUTING CALLBACK ******************
Execution callback triggered.
********FILLED******
****************** EXECUTING CALLBACK ******************
Execution callback triggered.
********FILLED******
****************** EXECUTING CALLBACK ******************
Execution callback triggered.
********FILLED******
****************** EXECUTING CALLBACK ******************
Execution callback triggered.
********FILLED******
****************** EXECUTING CALLBACK ******************
Execution callback triggered.
********FILLED******
****************** EXECUTING CALLBACK ******************
Execution callback triggered.
********FILLED******
****************** EXECUTING CALLBACK ******************
Execution callback triggered.
********FILLED******
****************** EXECUTING CALLBACK ******************
Execution callback triggered.
********FILLED******
****************** EXECUTING CALLBACK ******************
Execution callback triggered.
********FILLED******
****************** EXECUTING CALLBACK ******************
Execution callback triggered.
********FILLED******
****************** EXECUTING CALLBACK ******************
Execution callback triggered.
********FILLED******
****************** EXECUTING CALLBACK ******************
Execution callback triggered.
[96m--- PERFORMANCE REPORT ---[0m
[92m      Wallet Balance: $10,219.12[0m
[92m    Unrealized P&L: $0.00[0m
[92m      Realized P&L: $352.33[0m
[96m      Sharpe Ratio: 0.0514[0m
[96m   Maximum Drawdown: -0.25%[0m
[96m        Signal: Buy[0m
[96m      Close: 107066.1[0m
[96m--------------------------[0m
Heartbeat: application running.
[96m--- PERFORMANCE REPORT ---[0m
[92m      Wallet Balance: $10,219.12[0m
[92m    Unrealized P&L: $0.00[0m
[92m      Realized P&L: $352.33[0m
[96m      Sharpe Ratio: 0.0514[0m
[96m   Maximum Drawdown: -0.25%[0m
[96m        Signal: Buy[0m
[96m      Close: 107066.1[0m
[96m--------------------------[0m

[96m================== NEW TICK ==================[0m
[93mTick received at 2025-06-26 22:07:06 | Last price: 107066.10[0m
Response: {'serverTime': 1750946826818}
[96mUpdating bookkeeper for date: 2025-06-26, price: 107066.10...[0m
[96mOpen orders:[0m 0 | Queue OK: True
[96mRisk check:[0m stop_loss: False, trading_halt: False
[96mCollecting new data and aggregating features...[0m
Callback: (datetime.datetime(2025, 6, 26, 22, 7, 6, 626420), '107066.10')
[ANALYZE] Running feature engineering...
/Users/kendrickwinata/Desktop/QF625-Market microstructures/market-microstructure-main 2/market_microstructure_DY/market-microstructure-main/src/trading_engine/main_trading_strategy.py:255: FutureWarning: Series.replace without 'value' and with non-dict-like 'to_replace' is deprecated and will raise in a future version. Explicitly specify the new values instead.
  rs = gain / loss.replace(to_replace=0).ffill().bfill()
[96mModel output:[0m ('Hold', 107066.1, '2025-06-26 22:07:07')
[96m--- PERFORMANCE REPORT ---[0m
[92m      Wallet Balance: $10,218.55[0m
[92m    Unrealized P&L: $0.00[0m
[92m      Realized P&L: $351.76[0m
[96m      Sharpe Ratio: 0.0492[0m
[96m   Maximum Drawdown: -0.26%[0m
[96m        Signal: Hold[0m
[96m      Close: 107066.1[0m
[96m--------------------------[0m
[92mSignal: HOLD | Limit price: 107066.1[0m
[93mShort_MA_1st_Deriv: -375.99999999947613 | Kalman_1st_Deriv: -202.1622485422995[0m
[93m[Override] HOLD overridden to SELL due to negative momentum.[0m
[96mCurrent BTC position: 0.0[0m
[96mAvailable to open short: 7663.9142812875[0m
[91m[Risk Check] OPEN_SHORT approval: True, Amount: 7663.91, Quantity: 0.072[0m
[92mSubmitting SELL order: {'symbol': 'BTCUSDT', 'side': 'SELL', 'type': 'MARKET', 'quantity': 0.072, 'timestamp': 1750946811818, 'recvWindow': 60000}[0m
++++++++++++ATTEMPT TRADE++++++++++++++ {'orderId': 4818886196, 'symbol': 'BTCUSDT', 'status': 'NEW', 'clientOrderId': 'qVSOmHJxCU8Mk1RXOgfVrK', 'price': '0.00', 'avgPrice': '0.00', 'origQty': '0.072', 'executedQty': '0.000', 'cumQty': '0.000', 'cumQuote': '0.00000', 'timeInForce': 'GTC', 'type': 'MARKET', 'reduceOnly': False, 'closePosition': False, 'side': 'SELL', 'positionSide': 'BOTH', 'stopPrice': '0.00', 'workingType': 'CONTRACT_PRICE', 'priceProtect': False, 'origType': 'MARKET', 'priceMatch': 'NONE', 'selfTradePreventionMode': 'EXPIRE_MAKER', 'goodTillDate': 0, 'updateTime': 1750946828339}
[92mSELL order executed successfully at 107066.1.[0m
****************** EXECUTING CALLBACK ******************
Execution callback triggered.
********FILLED******
****************** EXECUTING CALLBACK ******************
Execution callback triggered.
********FILLED******
****************** EXECUTING CALLBACK ******************
Execution callback triggered.
********FILLED******
****************** EXECUTING CALLBACK ******************
Execution callback triggered.
********FILLED******
****************** EXECUTING CALLBACK ******************
Execution callback triggered.
********FILLED******
****************** EXECUTING CALLBACK ******************
Execution callback triggered.
********FILLED******
****************** EXECUTING CALLBACK ******************
Execution callback triggered.
********FILLED******
****************** EXECUTING CALLBACK ******************
Execution callback triggered.
********FILLED******
****************** EXECUTING CALLBACK ******************
Execution callback triggered.
********FILLED******
****************** EXECUTING CALLBACK ******************
Execution callback triggered.
********FILLED******
****************** EXECUTING CALLBACK ******************
Execution callback triggered.
********FILLED******
****************** EXECUTING CALLBACK ******************
Execution callback triggered.
********FILLED******
****************** EXECUTING CALLBACK ******************
Execution callback triggered.
********FILLED******
****************** EXECUTING CALLBACK ******************
Execution callback triggered.
********FILLED******
****************** EXECUTING CALLBACK ******************
Execution callback triggered.
********FILLED******
****************** EXECUTING CALLBACK ******************
Execution callback triggered.
********FILLED******
****************** EXECUTING CALLBACK ******************
Execution callback triggered.
********FILLED******
****************** EXECUTING CALLBACK ******************
Execution callback triggered.
********FILLED******
****************** EXECUTING CALLBACK ******************
Execution callback triggered.
********FILLED******
****************** EXECUTING CALLBACK ******************
Execution callback triggered.
********FILLED******
****************** EXECUTING CALLBACK ******************
Execution callback triggered.
********FILLED******
****************** EXECUTING CALLBACK ******************
Execution callback triggered.
********FILLED******
****************** EXECUTING CALLBACK ******************
Execution callback triggered.
********FILLED******
****************** EXECUTING CALLBACK ******************
Execution callback triggered.
********FILLED******
****************** EXECUTING CALLBACK ******************
Execution callback triggered.
********FILLED******
****************** EXECUTING CALLBACK ******************
Execution callback triggered.
********FILLED******
****************** EXECUTING CALLBACK ******************
Execution callback triggered.
********FILLED******
****************** EXECUTING CALLBACK ******************
Execution callback triggered.
********FILLED******
****************** EXECUTING CALLBACK ******************
Execution callback triggered.
********FILLED******
****************** EXECUTING CALLBACK ******************
Execution callback triggered.
********FILLED******
****************** EXECUTING CALLBACK ******************
Execution callback triggered.
********FILLED******
****************** EXECUTING CALLBACK ******************
Execution callback triggered.
********FILLED******
****************** EXECUTING CALLBACK ******************
Execution callback triggered.
********FILLED******
****************** EXECUTING CALLBACK ******************
Execution callback triggered.
********FILLED******
****************** EXECUTING CALLBACK ******************
Execution callback triggered.
********FILLED******
****************** EXECUTING CALLBACK ******************
Execution callback triggered.
********FILLED******
****************** EXECUTING CALLBACK ******************
Execution callback triggered.
********FILLED******
****************** EXECUTING CALLBACK ******************
Execution callback triggered.
********FILLED******
****************** EXECUTING CALLBACK ******************
Execution callback triggered.
********FILLED******
****************** EXECUTING CALLBACK ******************
Execution callback triggered.
********FILLED******
****************** EXECUTING CALLBACK ******************
Execution callback triggered.
********FILLED******
****************** EXECUTING CALLBACK ******************
Execution callback triggered.
********FILLED******
****************** EXECUTING CALLBACK ******************
Execution callback triggered.
[96m--- PERFORMANCE REPORT ---[0m
[92m      Wallet Balance: $10,215.89[0m
[92m    Unrealized P&L: $4.47[0m
[92m      Realized P&L: $349.09[0m
[96m      Sharpe Ratio: 0.0408[0m
[96m   Maximum Drawdown: -0.28%[0m
[96m        Signal: Hold[0m
[96m      Close: 107066.1[0m
[96m--------------------------[0m

[96m================== NEW TICK ==================[0m
[93mTick received at 2025-06-26 22:07:09 | Last price: 107066.10[0m
Response: {'serverTime': 1750946829788}
[96mUpdating bookkeeper for date: 2025-06-26, price: 107066.10...[0m
[96mOpen orders:[0m 0 | Queue OK: True
[96mRisk check:[0m stop_loss: False, trading_halt: False
[96mCollecting new data and aggregating features...[0m
Callback: (datetime.datetime(2025, 6, 26, 22, 7, 9, 485840), '107066.10')
[ANALYZE] Running feature engineering...
/Users/kendrickwinata/Desktop/QF625-Market microstructures/market-microstructure-main 2/market_microstructure_DY/market-microstructure-main/src/trading_engine/main_trading_strategy.py:255: FutureWarning: Series.replace without 'value' and with non-dict-like 'to_replace' is deprecated and will raise in a future version. Explicitly specify the new values instead.
  rs = gain / loss.replace(to_replace=0).ffill().bfill()
[96mModel output:[0m ('Hold', 107066.1, '2025-06-26 22:07:10')
[96m--- PERFORMANCE REPORT ---[0m
[92m      Wallet Balance: $10,215.90[0m
[92m    Unrealized P&L: $4.42[0m
[92m      Realized P&L: $349.10[0m
[96m      Sharpe Ratio: 0.0404[0m
[96m   Maximum Drawdown: -0.28%[0m
[96m        Signal: Hold[0m
[96m      Close: 107066.1[0m
[96m--------------------------[0m
[92mSignal: HOLD | Limit price: 107066.1[0m
[93mShort_MA_1st_Deriv: -376.0000000009313 | Kalman_1st_Deriv: -77.219107701967[0m
[93m[Override] HOLD overridden to SELL due to negative momentum.[0m
[96mCurrent BTC position: -0.072[0m
[93mTrade not approved for action: NONE[0m

[96m================== NEW TICK ==================[0m
[93mTick received at 2025-06-26 22:07:11 | Last price: 107066.10[0m
Response: {'serverTime': 1750946831786}
[96mUpdating bookkeeper for date: 2025-06-26, price: 107066.10...[0m
[96mOpen orders:[0m 0 | Queue OK: True
[96mRisk check:[0m stop_loss: False, trading_halt: False
[96mCollecting new data and aggregating features...[0m
Callback: (datetime.datetime(2025, 6, 26, 22, 7, 11, 505538), '107066.10')
[ANALYZE] Running feature engineering...
/Users/kendrickwinata/Desktop/QF625-Market microstructures/market-microstructure-main 2/market_microstructure_DY/market-microstructure-main/src/trading_engine/main_trading_strategy.py:255: FutureWarning: Series.replace without 'value' and with non-dict-like 'to_replace' is deprecated and will raise in a future version. Explicitly specify the new values instead.
  rs = gain / loss.replace(to_replace=0).ffill().bfill()
[96mModel output:[0m ('Sell', 107066.1, '2025-06-26 22:07:12')
[96m--- PERFORMANCE REPORT ---[0m
[92m      Wallet Balance: $10,215.79[0m
[92m    Unrealized P&L: $3.98[0m
[92m      Realized P&L: $349.00[0m
[96m      Sharpe Ratio: 0.0398[0m
[96m   Maximum Drawdown: -0.28%[0m
[96m        Signal: Sell[0m
[96m      Close: 107066.1[0m
[96m--------------------------[0m
[92mSignal: SELL | Limit price: 107066.1[0m
[96mCurrent BTC position: -0.072[0m
[93mTrade not approved for action: NONE[0m

[96m================== NEW TICK ==================[0m
[93mTick received at 2025-06-26 22:07:12 | Last price: 107066.10[0m
Response: {'serverTime': 1750946833243}
[96mUpdating bookkeeper for date: 2025-06-26, price: 107066.10...[0m
[96mOpen orders:[0m 0 | Queue OK: True
[96mRisk check:[0m stop_loss: False, trading_halt: False
[96mCollecting new data and aggregating features...[0m
Callback: (datetime.datetime(2025, 6, 26, 22, 7, 12, 988274), '107066.10')
[ANALYZE] Running feature engineering...
/Users/kendrickwinata/Desktop/QF625-Market microstructures/market-microstructure-main 2/market_microstructure_DY/market-microstructure-main/src/trading_engine/main_trading_strategy.py:255: FutureWarning: Series.replace without 'value' and with non-dict-like 'to_replace' is deprecated and will raise in a future version. Explicitly specify the new values instead.
  rs = gain / loss.replace(to_replace=0).ffill().bfill()
[96mModel output:[0m ('Buy', 107066.1, '2025-06-26 22:07:13')
[96m--- PERFORMANCE REPORT ---[0m
[92m      Wallet Balance: $10,215.88[0m
[92m    Unrealized P&L: $4.02[0m
[92m      Realized P&L: $349.08[0m
[96m      Sharpe Ratio: 0.0397[0m
[96m   Maximum Drawdown: -0.28%[0m
[96m        Signal: Buy[0m
[96m      Close: 107066.1[0m
[96m--------------------------[0m
[92mSignal: BUY | Limit price: 107066.1[0m
[96mCurrent BTC position: -0.072[0m
[92m[Risk Check] CLOSE_SHORT approval: True, Quantity: 0.072[0m
[92mSubmitting BUY order: {'symbol': 'BTCUSDT', 'side': 'BUY', 'type': 'MARKET', 'quantity': 0.072, 'timestamp': 1750946818243, 'recvWindow': 60000}[0m
++++++++++++ATTEMPT TRADE++++++++++++++ {'orderId': 4818888451, 'symbol': 'BTCUSDT', 'status': 'NEW', 'clientOrderId': 'yvJAJ6NxSoztUK7Xa3Ucz3', 'price': '0.00', 'avgPrice': '0.00', 'origQty': '0.072', 'executedQty': '0.000', 'cumQty': '0.000', 'cumQuote': '0.00000', 'timeInForce': 'GTC', 'type': 'MARKET', 'reduceOnly': False, 'closePosition': False, 'side': 'BUY', 'positionSide': 'BOTH', 'stopPrice': '0.00', 'workingType': 'CONTRACT_PRICE', 'priceProtect': False, 'origType': 'MARKET', 'priceMatch': 'NONE', 'selfTradePreventionMode': 'EXPIRE_MAKER', 'goodTillDate': 0, 'updateTime': 1750946834406}
[92mBUY order executed successfully at 107066.1.[0m
****************** EXECUTING CALLBACK ******************
Execution callback triggered.
********FILLED******
****************** EXECUTING CALLBACK ******************
Execution callback triggered.
[96m--- PERFORMANCE REPORT ---[0m
[92m      Wallet Balance: $10,211.66[0m
[92m    Unrealized P&L: $0.00[0m
[92m      Realized P&L: $344.86[0m
[96m      Sharpe Ratio: 0.0271[0m
[96m   Maximum Drawdown: -0.32%[0m
[96m        Signal: Buy[0m
[96m      Close: 107066.1[0m
[96m--------------------------[0m

[96m================== NEW TICK ==================[0m
[93mTick received at 2025-06-26 22:07:15 | Last price: 107066.10[0m
Response: {'serverTime': 1750946835653}
[96mUpdating bookkeeper for date: 2025-06-26, price: 107066.10...[0m
[96mOpen orders:[0m 0 | Queue OK: True
[96mRisk check:[0m stop_loss: False, trading_halt: False
[96mCollecting new data and aggregating features...[0m
Callback: (datetime.datetime(2025, 6, 26, 22, 7, 15, 219511), '107066.10')
[ANALYZE] Running feature engineering...
